warscroll_id|line|model|base|
000000604|1|Gors|32mm|
000000605|1|Ungors|25mm|
000000606|1|Chaos Gargant|90 × 52mm|
000000607|1|Chimera|120 × 92mm|
000000608|1|Cygor|120 × 92mm|
000000609|1|Ghorgon|120 × 92mm|
000000610|1|Jabberslythe|120 × 92mm|
000000611|1|Beastlord|40mm|
000000612|1|Doombull|50mm|
000000613|1|Dragon Ogor Shaggoth|90 × 52mm|
000000614|1|Great Bray-Shaman|32mm|
000000616|1|Bestigors|32mm|
000000617|1|Bullgors|50mm|
000000618|1|Centigors|60 × 35mm|
000000619|1|Beasts of Chaos Chaos Spawn|50mm|
000000620|1|Chaos Warhounds|60 × 35mm|
000000621|1|Cockatrice|60mm|
000000622|1|Dragon Ogors|90 × 52mm|
000000624|1|Tuskgor Chariots|105 × 70mm|
000000629|1|Ungor Raiders|25mm|
000000638|1|Doomblast Dirgehorn|40mm|
000000639|1|Ravening Direflock|40mm|
000000640|1|Wildfire Taurus|105 × 70mm|
000000641|1|Herdstone|Use model|
000000853|1|Grashrak Fellhoof and Draknar|32mm|
000000853|2|Murghoth Half-Horn, Khorsh ‘the Sneak’, Ushkor, Gnarl|25mm|
000001761|1|Razorgor|75 × 42mm|
000000135|1|Skull Cannon|120 × 92mm|
000000136|1|Bloodletters|32mm|
000000137|1|Bloodreavers|32mm|
000000138|1|Blood Warriors|32mm|
000000140|1|Bloodmaster, Herald of Khorne|40mm|
000000141|1|Bloodsecrator|32mm|
000000142|1|Bloodstoker|40mm|
000000144|1|Blood Throne|120 × 92mm|
000000146|1|Lord of Khorne on Juggernaut|90 × 52mm|
000000147|1|Mighty Lord of Khorne|60mm|
000000148|1|Scyla Anfingrimm|60mm|
000000149|1|Skarr Bloodwrath|40mm|
000000150|1|Skullgrinder|40mm|
000000151|1|Skullmaster, Herald of Khorne|90 × 52mm|
000000152|1|Skulltaker|40mm|
000000153|1|Slaughterpriest|40mm|
000000154|1|Valkia the Bloody|32mm|
000000155|1|Bloodthirster of Insensate Rage|120 × 92mm|
000000156|1|Bloodthirster of Unfettered Fury|120 × 92mm|
000000157|1|Skarbrand|100mm|
000000158|1|Wrath of Khorne Bloodthirster|120 × 92mm|
000000178|1|Bleeding Icon|105 × 70mm|
000000179|1|Hexgorger Skulls|60mm|
000000180|1|Wrath-axe|105 × 70mm|
000000181|1|Skull Altar|Use model|
000000182|1|Karanak|75 × 42mm|
000000183|1|Bloodcrushers|90 × 52mm|
000000184|1|Flesh Hounds|60 × 35mm|
000000185|1|Khorgorath|90 × 52mm|
000000186|1|Mighty Skullcrushers|90 × 52mm|
000000187|1|Skullreapers|40mm|
000000188|1|Wrathmongers|40mm|
000000189|1|Garrek’s Reavers|32mm|
000000191|1|Magore’s Fiends|32mm|
000001533|1|Dromm and Gorehulk|40mm|
000001533|2|Skullgrinder Herax|32mm|
000001566|1|Packlord|40mm|
000001566|2|Hound of Wrath|60 × 35mm|
000001566|3|2 x Brutalisers|32mm|
000001566|4|4 x Blood Whelps|28.5mm|
000001617|1|Realmgore Ritualist|32mm|
000002378|1|Scourge of Ghyran Bloodcrushers|90 × 52mm|
000002379|1|Scourge of Ghyran Mighty Lord of Khorne|60mm|
000002453|1|Deathbringer|40mm|
000002609|1|Kamandora, Throkk|32mm|
000002609|2|Ghalista, Antro Krast|28.5mm|
000002694|1|Korghos Khul|60mm|
000002695|1|Khul Ascended|60mm|
000003256|1|Blood Warriors|32mm|
000003257|1|Slaughterpriest|40mm|
000003258|1|Bloodreavers|32mm|
000001989|1|Maniak Weirdnob|60 × 35mm|
000001990|1|Wurrgog Prophet|32mm|
000001991|1|Wardokk|32mm|
000001992|1|Savage Boarboys|60 × 35mm|
000001993|1|Savage Orruk Morboys|32mm|
000001994|1|Savage Boarboy Maniaks|60 × 35mm|
000001995|1|Savage Orruk Arrowboys|32mm|
000001996|1|Savage Orruks|32mm|
000001997|1|Savage Big Stabbas|60 × 35mm|
000001998|1|Savage Big Boss|32mm|
000001999|1|Kragnos, the End of Empires|130mm|
000002000|1|Toofdagga|40mm|
000002000|2|Hedkrakka, Toofdagga, Wollop da Skul, Dakko Sharp-Stikka|32mm|
000000416|1|Bleakswords|25mm|
000000417|1|Darkshards|25mm|
000000418|1|Dreadspears|25mm|
000000423|1|Ironbreakers|25mm|
000000424|1|Longbeards|25mm|
000000425|1|Celestial Hurricanum|120 × 92mm|
000000428|1|Kharibdyss|120 × 92mm|
000000429|1|Luminark of Hysh|120 × 92mm|
000000431|1|War Hydra|120 × 92mm|
000000433|1|Assassin|25mm|
000000434|1|Battlemage|25mm|
000000435|1|Black Ark Fleetmaster|25mm|
000000436|1|Cogsmith|25mm|
000000439|1|Runelord|25mm|
000000440|1|Sorceress|25mm|
000000441|1|Warden King|25mm|
000000444|1|Battlemage on Griffon|120 × 92mm|
000000446|1|Dreadlord on Black Dragon|105 × 70mm|
000000449|1|Sorceress on Black Dragon|105 × 70mm|
000000450|1|Steam Tank with Commander|120 × 92mm|
000000451|1|Black Ark Corsairs|25mm|
000000452|1|Black Guard|25mm|
000000453|1|Dark Riders|60 × 35mm|
000000456|1|Drakespawn Knights|60 × 35mm|
000000457|1|Executioners|25mm|
000000458|1|Flagellants|25mm|
000000462|1|Gyrobombers|50mm|
000000464|1|Hammerers|25mm|
000000465|1|Irondrakes|25mm|
000000482|1|Steam Tank|120 × 92mm|
000001126|1|Doralia ven Denst|28.5mm|
000001127|1|Galen ven Denst|28.5mm|
000001207|1|Ironweld Great Cannon|90mm|
000001645|1|Aemos Duncarrow, Quiet Pock|32mm|
000001645|2|Brydget Axwold|28mm|
000001645|3|Ratspike, Grotbiter|25mm|
000001676|1|Freeguild Steelhelms|25mm|
000001677|1|Alchemite Warforger|32mm|
000001678|1|Freeguild Marshal|32mm|
000001678|2|Relic Envoy|28.5mm|
000001679|1|Freeguild Cavalier-Marshal|75 × 42mm|
000001680|1|Fusil-Major on Ogor Warhulk|50mm|
000001681|1|Pontifex Zenestra, Matriarch of the Great Wheel|90 × 52mm|
000001682|1|Battlemage on Celestial Hurricanum|120 × 92mm|
000001683|1|Battlemage on Luminark of Hysh|120 × 92mm|
000001684|1|Freeguild Marshal on Griffon|120 × 92mm|
000001685|1|Tahlia Vedra, Lioness of the Parch|100mm|
000001686|1|Soul Shepherd|40mm|
000001686|2|Mascot Gargoylian|28.5mm|
000001686|3|Arch-Knight, Whisperblade, Great Herald and War Surgeon|32mm|
000001687|1|Freeguild Fusiliers|28.5mm|
000001688|1|Freeguild Cavaliers|60 × 35mm|
000001690|1|Wildercorps Warden, Arbalest|40mm|
000001690|2|2 x Leatherhides and Trailblazer|28.5mm|
000001690|3|2 x Scouts and 4 x Trailhounds|25mm|
000001735|1|Armand Callis and Hanniver Toll|32mm|
000001736|1|Valius, the Keeper Aqshian|40mm|
000001736|2|Mistress Verentia and Lyssa Revenya|32mm|
000001740|1|Friar Galvic|32mm|
000001740|2|Soror Tazat, Acolyte Arcus and Scorched Yakob|25mm|
000001763|1|Scourgerunner Chariot|120 × 92mm|
000001764|1|Gyrocopter|50mm|
000001765|1|Drakespawn Chariot|120 × 92mm|
000002374|1|Scourge of Ghyran Freeguild Cavaliers|60 × 35mm|
000002375|1|Scourge of Ghyran Pontifex Zenestra|90 × 52mm|
000003240|1|Alchemite Warforger|32mm|
000003241|1|Freeguild Fusiliers|28.5mm|
000003242|1|Fusil-Major on Ogor Warhulk|50mm|
000003268|1|Freeguild Cavalier-Marshal|75mm|
000003269|1|Ironweld Great Cannon|90mm|
000003385|1|Mallus Forgepriest|28mm|
000003386|1|Freeguild Grenadiers|28mm|
000003387|1|Freeguild Gallants|28mm|
000000870|1|Sisters of Slaughter|25mm|
000000871|1|Witch Aelves|25mm|
000000872|1|Avatar of Khaine|40mm|
000000873|1|Bloodwrack Medusae|40mm|
000000874|1|Hag Queen|25mm|
000000875|1|Morathi-Khaine|40mm|
000000878|1|Slaughter Queen|25mm|
000000879|1|Bloodwrack Shrine|120 × 92mm|
000000880|1|Hag Queen on Cauldron of Blood|120 × 92mm|
000000881|1|Slaughter Queen on Cauldron of Blood|120 × 92mm|
000000882|1|Doomfire Warlocks|60 × 35mm|
000000883|1|Blood Sisters|40mm|
000000884|1|Blood Stalkers|40mm|
000000885|1|Khinerai Heartrenders|40mm|
000000886|1|Khinerai Lifetakers|40mm|
000000893|1|The Shadow Queen|100mm|
000000923|1|Melusai Ironscale|40mm|
000001023|1|Bladewind|50mm|
000001024|1|Bloodwrack Viper|100mm|
000001025|1|Heart of Fury|50mm|
000001026|1|Shroud Queen|40mm|
000001026|2|1x Slaughtershade, 2x Darkflame Warlocks, 5x Shroudblades|28.5mm|
000001412|1|High Gladiatrix|32mm|
000001415|1|Slythael Shadestalker|40mm|
000001415|2|Drusylla Vyserax, Sylarc Greyblood and Valyssa Umbrael|28.5mm|
000001570|1|Gryselle|32mm|
000001570|2|Kalexis, Retaria, Thrialla and Traxya|28.5mm|
000001734|1|Krethusa the Croneseer|60mm|
000001872|1|Kyrae|40mm|
000001872|2|Morgwaeth, Khamyss, Kyrssa, Lethyr|32mm|
000002329|1|Maleneth Witchblade|32mm|
000003154|1|Blood Hags|28.5mm|
000003155|1|Shrine of Dark Tribute|130mm|
000003292|1|Melusai Ironscale|40mm|
000003293|1|Blood Stalkers|40mm|
000003294|1|Witch Aelves|25mm|
000003354|1|Hag Queen|25mm|
000003357|1|Sisters of Slaughter|25mm|
000003358|1|Bloodwrack Medusa|40mm|
000000643|1|Kairic Acolytes|32mm|
000000644|1|Tzaangors|32mm|
000000645|1|The Blue Scribes|60mm|
000000646|1|Herald of Tzeentch|32mm|
000000647|1|The Changeling|40mm|
000000648|1|Curseling, Eye of Tzeentch|32mm|
000000649|1|Fatemaster|40mm|
000000650|1|Herald of Tzeentch on Burning Chariot|120 × 92mm|
000000651|1|Herald of Tzeentch on Disc|60mm|
000000652|1|Gaunt Summoner|40mm|
000000653|1|Magister|32mm|
000000654|1|Magister on Disc of Tzeentch|50mm|
000000655|1|Ogroid Thaumaturge|50mm|
000000656|1|Tzaangor Shaman|40mm|
000000659|1|Kairos Fateweaver|100mm|
000000660|1|Lord of Change|100mm|
000000663|1|Flamers of Tzeentch|32mm|
000000664|1|Screamers of Tzeentch|32mm|
000000665|1|Tzaangor Enlightened|40mm|
000000667|1|Tzaangor Skyfires|40mm|
000000682|1|Burning Sigil of Tzeentch|50mm|
000000683|1|Tome of Eyes|50mm|
000000684|1|Daemonic Simulacrum|105 × 70mm|
000001544|1|Gaunt Summoner on Disc of Tzeentch|40mm|
000001561|1|5 x Desecrators, Nephrite Priestess, Obelisk Bearer|32mm|
000001561|2|5 x Idolarc, Defacers|28.5mm|
000001626|1|Ephilim the Unknowable, Spawnmaw and Flamespooler|32mm|
000001626|2|Kindlefinger and Apo’trax, the Starefysh|25mm|
000001906|1|Chaos Spawn of Tzeentch|50mm|
000001907|1|Exalted Flamer of Tzeentch|75 × 42mm|
000001908|1|Burning Chariot of Tzeentch|120 × 92mm|
000001909|1|Pink Horrors|32mm|
000001910|1|Blue Horrors and Brimstone Horrors|25mm|
000001911|1|Vortemis the All-seeing, K’charik, Narvia and Turosh|32mm|
000001911|2|Horrors|25mm|
000002380|1|Scourge of Ghyran Ogroid Thaumaturge|50mm|
000002381|1|Scourge of Ghyran Kairic Acolytes|32mm|
000002976|1|Argent Shard|80mm|
000002978|1|Fatemaster on Disc of Tzeentch|60mm|
000003010|1|Tzaangor Enlightened on Foot|40mm|
000003304|1|Tzaangor Enlightened|40mm|
000003305|1|Tzaangor Shaman|40mm|
000003306|1|Tzaangor Skyfires|40mm|
000003307|1|Tzaangors|32mm|
000003366|1|Magister on Disc of Tzeentch|40mm|
000003367|1|Screamers of Tzeentch|32mm|
000003368|1|Flamers of Tzeentch|32mm|
000003369|1|Kairic Acolytes|32mm|
000001151|1|Aethervoid Pendulum|Use model|
000001152|1|The Burning Head|Use model|
000001153|1|Chronomantic Cogs|Use model|
000001154|1|Emerald Lifeswarm|Use model|
000001155|1|Geminids of Uhl-Gysh|Use model|
000001156|1|Horrorghast|50mm|
000001157|1|Lauchon the Soulseeker|90 × 52mm|
000001158|1|Malevolent Maelstrom|Use model|
000001159|1|Prismatic Palisade|Use model|
000001160|1|Purple Sun of Shyish|Use model|
000001161|1|Quicksilver Swords|Use model|
000001162|1|Ravenak’s Gnashing Jaws|Use model|
000001164|1|Soulscream Bridge|120 × 92mm|
000001165|1|Soulsnare Shackles|Use model|
000001166|1|Suffocating Gravetide|Use model|
000001167|1|Umbral Spellportal|Use model|
000002252|1|Shards of Valagharr|105 × 70mm|
000002253|1|Krondspine Incarnate of Ghur|130mm|
000000356|1|Crypt Ghouls|25mm|
000000357|1|Royal Terrorgheist|130mm|
000000358|1|Royal Zombie Dragon|130mm|
000000359|1|Abhorrant Archregent|40mm|
000000360|1|Abhorrant Ghoul King|32mm|
000000361|1|Crypt Ghast Courtier|32mm|
000000362|1|Crypt Haunter Courtier|50mm|
000000363|1|Crypt Infernal Courtier|50mm|
000000364|1|Varghulf Courtier|60mm|
000000365|1|Abhorrant Ghoul King on Royal Terrorgheist|130mm|
000000366|1|Abhorrant Ghoul King on Royal Zombie Dragon|130mm|
000000367|1|Crypt Flayers|50mm|
000000368|1|Crypt Horrors|50mm|
000000378|1|Cadaverous Barricade|Use model|
000000379|1|Chalice of Ushoran|50mm|
000000380|1|Corpsemare Stampede|120 × 92mm|
000000381|1|Charnel Throne|Use model|
000000856|1|Duke’s Harriers|32mm|
000000856|2|Gristlewel, Valreek, the Night’s Herald, the Royal Butcher, Master Talon|25mm|
000001639|1|Royal Flaymaster, Beastflayer Baron|32mm|
000001639|2|2 x Offal Hounds|40mm|
000001639|3|3 x Ghoul Trackers|25mm|
000001639|4|3 x Ghoul Gore-Squires|28.5mm|
000001648|1|Marrowscroll Herald|32mm|
000001720|1|Ushoran, Mortarch of Delusion|130mm|
000001721|1|Abhorrant Cardinal|32mm|
000001722|1|Abhorrant Gorewarden|40mm|
000001723|1|Grand Justice Gormayne|32mm|
000001724|1|Royal Decapitator|32mm|
000001725|1|Cryptguard|25mm|
000001726|1|Morbheg Knights|75 × 42mm|
000001741|1|Gristla Tenderhooke|32mm|
000001741|2|Young Master Kretch, Flensemaster Pewdrig, Seddrik the Chain and The Carnskyr|25mm|
000001916|1|Crypt Flayers (2 models)|50mm|
000001917|1|Crypt Horrors (2 models)|50mm|
000001918|1|Nagash, Supreme Lord of the Undead|130mm|
000002372|1|Scourge of Ghyran Abhorrant Ghoul King|32mm|
000002373|1|Scourge of Ghyran Abhorrant Gorewarden|40mm|
000002564|1|High Falconer Felgryn|32mm|
000002564|2|Grype|28mm|
000003276|1|Cryptguard|25mm|
000003278|1|Abhorrant Archregent|40mm|
000003350|1|Abhorrant Gorewarden|40mm|
000003351|1|Crypt Horrors|50mm|
000003353|1|Crypt Flayers|50mm|
000000226|1|Auric Runefather|32mm|
000000227|1|Auric Runemaster|32mm|
000000228|1|Auric Runesmiter|32mm|
000000229|1|Auric Runeson|32mm|
000000230|1|Battlesmith|32mm|
000000232|1|The Chosen Axes|32mm|
000000233|1|Auric Runefather on Magmadroth|120 × 92mm|
000000234|1|Auric Runesmiter on Magmadroth|120 × 92mm|
000000235|1|Auric Runeson on Magmadroth|120 × 92mm|
000000236|1|Auric Hearthguard|32mm|
000000237|1|Doomseeker|32mm|
000000238|1|Grimwrath Berzerker|32mm|
000000244|1|Zharrgron Flame-spitter|Use model|
000000245|1|Runic Fyrewall|Use model|
000000246|1|Molten Infernoth|120 × 92mm|
000000247|1|Magmic Battleforge|Use model|
000001410|1|Vulkite Berzerkers with Bladed Slingshields|32mm|
000001411|1|Auric Flamekeeper|32mm|
000001649|1|Grimhold Exile|32mm|
000001704|1|Kyndledroth, Drothmaster, Drothblood Thane and Vulkyn Runefather|32mm|
000001704|2|5 x Scalebreakers|28.5mm|
000001981|1|Hearthguard Berzerker with Berzerker Broadaxes|32mm|
000001982|1|Vulkite Berzerkers with Fyresteel Weapons|32mm|
000001983|1|Hearthguard Berzerkers with Flamestrike Poleaxes|32mm|
000002215|1|Gotrek Gurnisson|32mm|
000002382|1|Scourge of Ghyran Auric Runeson on Magmadroth|120 × 92mm|
000002684|1|Grombrindal, The White Dwarf|40mm|
000003359|1|Battlesmith|32mm|
000003360|1|Hearthguard Berzerkers|32mm|
000003361|1|Vulkite Berzerkers|32mm|
000000009|1|Moonclan Shootas|25mm|
000000010|1|Moonclan Stabbas|25mm|
000000011|1|Dankhold Troggboss|60mm|
000000012|1|Fungoid Cave-Shaman|32mm|
000000013|1|Loonboss on Mangler Squigs|80mm|
000000014|1|Loonboss on Giant Cave Squig|40mm|
000000015|1|Loonboss with Giant Cave Squig|75 × 42mm|
000000016|1|Madcap Shaman|25mm|
000000017|1|Mollog|50mm|
000000017|2|Minions|25mm|
000000018|1|Scuttleboss on Gigantic Spider|60mm|
000000019|1|Skragrott, the Loonking|60 × 35mm|
000000020|1|Webspinner Shaman|25mm|
000000022|1|Zarbag’s Gitz|25mm|
000000023|1|Loonboss|32mm|
000000024|1|Webspinner Shaman on Arachnarok Spider|160mm|
000000025|1|Aleguzzler Gargant|90 × 52mm|
000000026|1|Arachnarok Spider with Flinger|160mm|
000000027|1|Arachnarok Spider with Spiderfang Warparty|160mm|
000000028|1|Mangler Squigs|80mm|
000000029|1|Skitterstrand Arachnarok|160mm|
000000035|1|Boingrot Bounderz|32mm|
000000037|1|Fellwater Troggoths|50mm|
000000038|1|Loonsmasha Fanatics|32mm|
000000039|1|Rockgut Troggoths|50mm|
000000040|1|Sneaky Snufflers|32mm|
000000041|1|Spider Riders|60 × 35mm|
000000042|1|Sporesplatta Fanatics|32mm|
000000043|1|Squig Herd|25mm|
000000044|1|Squig Hoppers|32mm|
000000046|1|Gobbapalooza|32mm|
000000055|1|Malevolent Moon|50mm|
000000056|1|Mork’s Mighty Mushroom|60mm|
000000057|1|Scrapskuttle’s Arachnacauldron|75 × 42mm|
000000058|1|Scuttletide|Use model|
000000059|1|Bad Moon Loonshrine|Use model|
000000859|1|Rippa’s Snarlfangs|Use model|
000001196|1|Doom Diver Catapult|170 × 105mm|
000001553|1|Grinkrak the Great, Skolko and Pronk, Grib|32mm|
000001553|2|Pokin' Snark, Snorbo da Spore, Pointy Burk, Moonface Naggz|25mm|
000001562|1|Squigboss with Gnasha-Squig|32mm|
000001563|1|Snarlfang Riders|60 × 35mm|
000001650|1|Rabble-Rowza|32mm|
000002001|1|Kragnos, the End of Empires|130mm|
000002002|1|Trugg, the Troggoth King|100mm|
000002003|1|Dankhold Troggoth|60mm|
000002284|1|Droggz Da Sunchompa|60mm|
000002285|1|Frazzlegit Shaman on War-Wheela|120 × 92mm|
000002286|1|Wolfgit Retinue|Use model|
000002287|1|Sunsteala Wheelas|105 × 70mm|
000002288|1|Snarlpack Cavalry|75 × 42mm|
000002289|1|Snarlboss on War-Wheela|120 × 92mm|
000002290|1|Snarlboss|Use model|
000002339|1|Uglug|32mm|
000002339|2|Borgit, Rigg and Shamm|28.5mm|
000002339|3|Snagz, Dregg|25mm|
000002383|1|Scourge of Ghyran Sporesplatta Fanatics|32mm|
000002384|1|Scourge of Ghyran Loonsmasha Fanatics|32mm|
000003283|1|Squig Hoppers|32mm|
000003284|1|Moonclan Stabbas|25mm|
000003285|1|Loonboss|32mm|
000003286|1|Rockgut Troggoths|50mm|
000002611|1|Urak Taar, the First Daemonsmith|130mm|
000002612|1|Deathshrieker Rocket Battery|100mm|
000002613|1|Tormentor Bombard|100mm|
000002614|1|Daemonsmith on Infernal Taurus|130mm|
000002615|1|Bull Centaurs|75 × 42mm|
000002616|1|Infernal Cohort with Hashutite Spears|28.5mm|
000002617|1|Daemonsmith|32mm|
000002618|1|Infernal Razers with Flamehurlers|28.5mm|
000002619|1|Hobgrotz Vandalz|25mm|
000002620|1|War Despot|32mm|
000002621|1|Ashen Elder|32mm|
000002622|1|Infernal Razers with Blunderbusses|28.5mm|
000002623|1|Infernal Cohort with Hashutite Blades|28.5mm|
000002624|1|Anointed Sentinels|75 × 42mm|
000002625|1|Dominator Engine with Bane Maces|80mm|
000002626|1|Dominator Engine with Immolation Cannons|80mm|
000002627|1|Zuldrakka the Hateful|32mm|
000002627|2|Imnidrini, Morudok, Tokkor the Immolator|28.5mm|
000002627|3|Grisk Back-stabba|25mm|
000002657|1|Scourge of Ghyran Infernal Cohort with Hashutite Blades|28.5mm|
000002658|1|Scourge of Ghyran War Despot|32mm|
000003324|1|Infernal Cohort with Hashutite Spears|28.5mm|
000003325|1|War Despot|32mm|
000003326|1|Dominator Engine with Immolation Cannons|80mm|
000003327|1|Tormentor Bombard|100mm|
000000330|1|Daemonettes|25mm|
000000331|1|Bladebringer, Herald on Exalted Chariot|120 × 92mm|
000000332|1|Bladebringer, Herald on Hellflayer|120 × 92mm|
000000333|1|Bladebringer, Herald on Seeker Chariot|120 × 92mm|
000000335|1|Infernal Enrapturess, Herald of Slaanesh|60 × 35mm|
000000336|1|Syll’Esske, the Vengeful Allegiance|50mm|
000000337|1|The Masque|32mm|
000000338|1|Herald of Slaanesh|25mm|
000000339|1|Keeper of Secrets|100mm|
000000340|1|Shalaxi Helbane|100mm|
000000341|1|Exalted Chariot|120 × 92mm|
000000342|1|Fiends|75 × 42mm|
000000343|1|Hellflayers of Slaanesh|120 × 92mm|
000000346|1|Seeker Chariot|120 × 92mm|
000000347|1|Seekers|60 × 35mm|
000000352|1|Fane of Slaanesh|Use model|
000000353|1|Dreadful Visage|90 × 52mm|
000000354|1|Mesmerising Mirror|90 × 52mm|
000001027|1|Glutos Orscollion, Lord of Gluttony|170 × 105mm|
000001028|1|Lord of Pain|40mm|
000001029|1|Shardspeaker of Slaanesh|32mm|
000001030|1|Sigvald, Prince of Slaanesh|60mm|
000001031|1|10х Blissbarb Archers|28.5mm|
000001031|2|1х Blissbrew Homonculus|25mm|
000001032|1|Blissbarb Seekers|75 × 42mm|
000001033|1|Vasillac|32mm|
000001033|2|Slakeslash|40mm|
000001033|3|Glissete, Hadzu|25mm|
000001034|1|Myrmidesh Painbringers|32mm|
000001035|1|Slaangor Fiendbloods|40mm|
000001036|1|Slickblade Seekers|75 × 42mm|
000001037|1|Symbaresh Twinsouls|32mm|
000001123|1|Dexcessa, the Talon of Slaanesh|105 × 70mm|
000001124|1|Synessa, the Voice of Slaanesh|105 × 70mm|
000001627|1|Contorted Epitome|75 × 42mm|
000001628|1|Lord of Hubris|40mm|
000001730|1|Vexmor|40mm|
000001730|2|Vashtiss the Coiled and Lascivyr|28.5mm|
000001913|1|Wheels of Excrutiation|Use model|
000001914|1|Hellstriders|60 × 35mm|
000002385|1|Scourge of Ghyran Syll’Esske, the Vengeful Allegiance|50mm|
000002386|1|Scourge of Ghyran Slaangor Fiendbloods|40mm|
000003236|1|Slaangor Fiendbloods|40mm|
000003237|1|Blissbarb Archers|25mm|
000003238|1|Shardspeaker of Slaanesh|32mm|
000000897|1|Namarti Thralls|32mm|
000000898|1|Akhelian Leviadon|120 × 92mm|
000000899|1|Akhelian King|60mm|
000000900|1|Eidolon of Mathlann, Aspect of the Sea|100mm|
000000901|1|Eidolon of Mathlann, Aspect of the Storm|100mm|
000000902|1|Isharann Soulrender|40mm|
000000903|1|Isharann Soulscryer|32mm|
000000904|1|Isharann Tidecaster|32mm|
000000905|1|Lotann, Warden of the Soul Ledgers|40mm|
000000906|1|Volturnos, High King of the Deep|60mm|
000000908|1|Akhelian Ishlaen Guard|60 × 35mm|
000000909|1|Akhelian Morrsarr Guard|60 × 35mm|
000000910|1|Namarti Reavers|32mm|
000000916|1|Gloomtide Shipwreck|Use model|
000001132|1|Elathain Ill-fated, Fuirann, Tammael and Duinclaw|32mm|
000001132|2|Spinefin|25mm|
000001403|1|Akhelian Thrallmaster|32mm|
000001729|1|Cephanyr|40mm|
000001729|2|Cyreni of the Abyss, Renglaith and Alathyrr|32mm|
000001979|1|Akhelian Allopex|90 × 52mm|
000002387|1|Scourge of Ghyran Namarti Thralls|32mm|
000002388|1|Scourge of Ghyran Akhelian Thrallmaster|32mm|
000002468|1|Ikon of the Sea|40mm|
000002469|1|Incarnate of the Deep|130mm|
000002470|1|Ikon of the Storm|40mm|
000002471|1|Abyssal Tendril|50mm|
000002472|1|Mathaela, Oracle of the Abyss|40mm|
000003308|1|Namarti Reavers|32mm|
000003311|1|Akhelian King|60mm|
000003333|1|Namarti Thralls|32mm|
000003334|1|Isharann Soulscryer|32mm|
000000391|1|Gordrakk, the Fist of Gork|160mm|
000000392|1|Megaboss on Maw-krusha|160mm|
000001697|1|Maw-grunta Gougers|120 × 92mm|
000001698|1|Maw-grunta with Hakkin’ Krew|120 × 92mm|
000001699|1|Ardboy Big Boss|40mm|
000001700|1|Zoggrok Anvilsmasha|50mm|
000001700|2|Klonk|25mm|
000001701|1|Tuskboss on Maw-grunta|120 × 92mm|
000001702|1|Brute Ragerz|40mm|
000001703|1|Weirdbrute Wrekkaz|40mm|
000001848|1|Brutes|40mm|
000001849|1|Ardboyz|32mm|
000001850|1|Weirdnob Shaman|40mm|
000001851|1|Gore-gruntas|90 × 52mm|
000001853|1|Megaboss|60mm|
000001854|1|Warchanter|40mm|
000002233|1|Kragnos, the End of Empires|130mm|
000002234|1|Bossrokk Tower|100mm|
000002238|1|Ironskull’s Boyz|32mm|
000002239|1|Morgok’s Krushas|40mm|
000002366|1|Scourge of Ghyran Gore-gruntas|90 × 52mm|
000002367|1|Scourge of Ghyran Weirdbrute Wrekkaz|40mm|
000002688|1|Dakkbad Grotkicker|160mm|
000003362|1|Brutes|40mm|
000003363|1|Megaboss|60mm|
000003364|1|Brute Ragerz|40mm|
000003365|1|Ardboyz|32mm|
000001142|1|Gutrippaz|32mm|
000001145|1|Killaboss on Great Gnashtoof|105 × 70mm|
000001146|1|Killaboss|40mm|
000001146|2|Stab-grot|25mm|
000001147|1|Murknob with Belcha-banna|40mm|
000001149|1|Hobgrot Slittaz|25mm|
000001150|1|Man-skewer Boltboyz|32mm|
000001329|1|Beast-skewer Killbow|90 × 52mm|
000001330|1|Breaka-boss on Mirebrute Troggoth|80mm|
000001331|1|Gobsprakk, the Mouth of Mork|130mm|
000001332|1|Killaboss on Corpse-rippa Vulcha|130mm|
000001333|1|Snatchaboss on Sludgeraker Beast|120 × 92mm|
000001334|1|Swampboss Skumdrekk|120 × 92mm|
000001335|1|Marshcrawla Sloggoth|105 × 70mm|
000001386|1|Mannok da Kunnin’ and Torka Toughskull|40mm|
000001386|2|Gikkit, Shank and Krookgrin|25mm|
000001727|1|Daggok’s Stab-ladz|32mm|
000001731|1|Beastnob|40mm|
000001731|2|6 x Monsta-killaz|32mm|
000001731|3|Klutcha-grot|28.5mm|
000001847|1|Kragnos, the End of Empires|130mm|
000001852|1|Swampcalla Shaman|40mm|
000001852|2|Pot-grot|25mm|
000002228|1|Hobgrot Slittaboss|32mm|
000002368|1|Scourge of Ghyran Swampboss Skumdrekk|120 × 92mm|
000002369|1|Scourge of Ghyran Killaboss on Great Gnashtoof|105 × 70mm|
000003295|1|Murknob with Belcha-banna|40mm|
000003296|1|Man-skewer Boltboyz|32mm|
000003297|1|Gutrippaz|32mm|
000000685|1|Arkanaut Company|25mm|
000000686|1|Arkanaut Frigate|120 × 92mm|
000000687|1|Arkanaut Ironclad|170 × 105mm|
000000688|1|Aether-Khemist|32mm|
000000689|1|Aetheric Navigator|32mm|
000000690|1|Arkanaut Admiral|32mm|
000000691|1|Brokk Grungsson, Lord-Magnate of Barak-Nar|50mm|
000000692|1|Endrinmaster with Dirigible Suit|40mm|
000000693|1|Endrinmaster|32mm|
000000695|1|Bjorgen Thundrik, Khazgan Drakkskewer and Dead-Eye Lund|32mm|
000000695|2|Garodd Alensen and Enrik Ironhail|25mm|
000000696|1|Endrinriggers|32mm|
000000698|1|Grundstok Thunderers|32mm|
000000699|1|Skywardens|32mm|
000001527|1|Drekki Flynt|32mm|
000001616|1|Codewright|32mm|
000002389|1|Scourge of Ghyran Grundstok Gunhauler|105 × 70mm|
000002390|1|Scourge of Ghyran Codewright|32mm|
000002424|1|Vongrim Harpoon Crew|32mm|
000002425|1|Grundstok Gunhauler|105 × 70mm|
000002426|1|Zontari Endrin Dock|80mm|
000002427|1|Auto-Endrin|40mm|
000002428|1|Null-Khemist|40mm|
000002429|1|Vongrim Salvagers|32mm|
000003231|1|Grundstok Thunderers|32mm|
000003232|1|Endrinriggers|32mm|
000003233|1|Endrinmaster with Dirigible Suit|40mm|
000003396|1|Skywardens|32mm|
000003397|1|Arkanaut Admiral|32mm|
000003399|1|Arkanaut Company|25mm|
000000835|1|Vanari Auralan Wardens|32mm|
000000836|1|Alarith Spirit of the Mountain|100mm|
000000837|1|Alarith Stonemage|40mm|
000000838|1|Scinari Cathallar|32mm|
000000839|1|The Light of Eltharion|50mm|
000000840|1|Archmage Teclis and Celennar, Spirit of Hysh|160mm|
000000841|1|Avalenor, the Stoneheart King|100mm|
000000842|1|Alarith Stoneguard|32mm|
000000843|1|Vanari Auralan Sentinels|32mm|
000000844|1|Vanari Dawnriders|60 × 35mm|
000000849|1|Hyshian Twinstones|50mm|
000000850|1|Rune of Petrification|75 × 42mm|
000000851|1|Sanctum of Amyntok|Use model|
000001049|1|Ellania and Ellathor, Eclipsian Warsages|40mm|
000001050|1|Hurakan Windmage|60 × 35mm|
000001051|1|Lyrior Uthralle, Warden of Ymetrica|90 × 52mm|
000001053|1|Myari’s Purifiers|32mm|
000001054|1|Scinari Calligrave|32mm|
000001055|1|Scinari Loreseeker|32mm|
000001056|1|Sevireth, Lord of the Seventh Wind|60mm|
000001057|1|Vanari Bannerblade|40mm|
000001058|1|Vanari Lord Regent|90 × 52mm|
000001059|1|Hurakan Spirit of the Wind|60mm|
000001060|1|Hurakan Windchargers|60 × 35mm|
000001061|1|Vanari Bladelords|32mm|
000001066|1|Shrine Luminor|Use model|
000001535|1|Scinari Enlightener|32mm|
000001747|1|Pureflood Seneschal|32mm|
000001747|2|4 x Crestdancers|32mm|
000001747|3|5 x Stream-runners|28.5mm|
000001878|1|Vanari Starshard Ballista|80mm|
000002370|1|Scourge of Ghyran The Light of Eltharion|50mm|
000002371|1|Scourge of Ghyran Vanari Bannerblade|40mm|
000003029|1|Vanari Lord Regent on Lightcourser|90 × 52mm|
000003272|1|Vanari Auralan Wardens|32mm|
000003274|1|Hurakan Spirit of the Wind|60mm|
000003393|1|Scinari Cathallar|32mm|
000003394|1|Vanari Auralan Sentinels|32mm|
000003395|1|Vanari Bladelords|32mm|
000000927|1|Plaguebearers|32mm|
000000928|1|Epidemius, Tallyman of Nurgle|60mm|
000000930|1|The Wurmspat|40mm|
000000931|1|Festus the Leechlord|150 × 95mm|
000000932|1|Gutrot Spume|40mm|
000000933|1|Harbinger of Decay|90 × 52mm|
000000934|1|Horticulous Slimux|105 × 70mm|
000000935|1|Lord of Afflictions|60mm|
000000936|1|Lord of Blights|40mm|
000000937|1|Lord of Plagues|40mm|
000000938|1|Poxbringer, Herald of Nurgle|32mm|
000000939|1|Sloppity Bilepiper, Herald of Nurgle|32mm|
000000941|1|Spoilpox Scrivener, Herald of Nurgle|40mm|
000000942|1|Bloab Rotspawned|100mm|
000000943|1|The Glottkin|130mm|
000000944|1|Great Unclean One|130mm|
000000945|1|Morbidex Twiceborn|100mm|
000000946|1|Orghotts Daemonspew|100mm|
000000947|1|Rotigus|130mm|
000000949|1|Nurglings|40mm|
000000950|1|Plague Drones|60mm|
000000951|1|Pusgoyle Blightlords|60mm|
000000952|1|Putrid Blightkings|40mm|
000000959|1|Feculent Gnarlmaw|Use model|
000001394|1|Rotbringer Sorcerer|32mm|
000001528|1|Witherlord, Bloated One|32mm|
000001528|2|2 x Carrion Catchers|28.5mm|
000001528|3|6 x Mirefolk Outcasts|25mm|
000001904|1|Pusgoyle Blightlords (1 model)|60mm|
000002391|1|Scourge of Ghyran Rotigus|130mm|
000002607|1|Phleghmus Potbelly|40mm|
000002607|2|Bug-Eyed Dripterus, Slunge, Maggoty Strewg|32mm|
000002607|3|Squort|25mm|
000002723|1|Rotswords|32mm|
000002724|1|Belga the Cystwitch|40mm|
000002725|1|Pestigors|32mm|
000002726|1|Shaman Foulhoof|32mm|
000002727|1|Sloven Knights|75 × 42mm|
000002728|1|Pox-Wretches|25mm|
000002729|1|Beast of Nurgle|60mm|
000002730|1|Cankerborn|40mm|
000002731|1|Gelgus Pust, the Prince of Sores|50mm|
000003120|1|Doktor Festus|32mm|
000003339|1|Plaguebearers|32mm|
000003340|1|Putrid Blightkings|40mm|
000003341|1|Spoilpox Scrivener|40mm|
000003342|1|Pusgoyle Blightlord|60mm|
000003400|1|Rotbringer Sorcerer|32mm|
000003401|1|Nurglings|40mm|
000003402|1|Beast of Nurgle|60mm|
000000192|1|Chainrasp Horde|25mm|
000000193|1|Cairn Wraith|25mm|
000000196|1|Knight of Shrouds|32mm|
000000197|1|Knight of Shrouds on Ethereal Steed|75 × 42mm|
000000198|1|Kurdoss Valentian, the Craven King|60mm|
000000199|1|Lady Olynder, Mortarch of Grief|60mm|
000000200|1|Lord Executioner|40mm|
000000201|1|Reikenor the Grimhailer|75 × 42mm|
000000202|1|Spirit Torment|40mm|
000000203|1|Tomb Banshee|25mm|
000000204|1|Black Coach|170 × 105mm|
000000205|1|Bladegheist Revenants|32mm|
000000206|1|Chainghasts|32mm|
000000207|1|Dreadscythe Harridans|32mm|
000000208|1|Glaivewraith Stalkers|32mm|
000000209|1|Grimghast Reapers|32mm|
000000210|1|Hexwraiths|60 × 35mm|
000000211|1|Myrmourn Banshees|32mm|
000000212|1|Spirit Hosts|50mm|
000000221|1|Mortalis Terminexus|50mm|
000000222|1|Shyish Reaper|105 × 70mm|
000000223|1|Vault of Souls|50mm|
000000858|1|The Briar Queen|32mm|
000000858|2|Varclav the Cruel, The Ever-hanged, The Ironwretch, The Exhumed, The Silenced and The Uncrowned|25mm|
000001072|1|Krulghast Cruciator|40mm|
000001405|1|Awlrach the Drowner|80mm|
000001406|1|Guardian of Souls|32mm|
000001407|1|Scriptor Mortis|40mm|
000001408|1|Craventhrone Guard|32mm|
000001643|1|The Wielder of the Blade|40mm|
000001643|2|Scriptor of the Sentence and Bearer of the Block|32mm|
000001643|3|Sharpener of the Blade|25mm|
000001746|1|Deacon of Flames|40mm|
000001746|2|2 x Balefire Guard|32mm|
000001746|3|2 x Flamewraiths|32mm|
000001746|4|3 x Torchwraiths|28.5mm|
000001873|1|Dreadblade Harrows|60 × 35mm|
000001874|1|Nagash, Supreme Lord of the Undead|130mm|
000002392|1|Scourge of Ghyran Kurdoss Valentian, the Craven King|60mm|
000002393|1|Scourge of Ghyran Black Coach|170 × 105mm|
000002406|1|Nexus of Grief|Use model|
000002544|1|Lord Vitriolic|40mm|
000003316|1|Chainghasts|32mm|
000003317|1|Dreadscythe Harridans|32mm|
000003319|1|Spirit Torment|40mm|
000003320|1|Bladegheist Revenants|32mm|
000003381|1|Knight of Shrouds|32mm|
000003382|1|Chainrasps|25mm|
000003383|1|Spirit Hosts|50mm|
000003384|1|Grimghast Reapers|32mm|
000000520|1|Kavalos Deathriders|60 × 35mm|
000000521|1|Mortek Guard|25mm|
000000522|1|Mortek Crawler|170 × 105mm|
000000523|1|Gothizzar Harvester|105 × 70mm|
000000524|1|Arch-Kavalos Zandtos|80mm|
000000525|1|Katakros, Mortarch of the Necropolis|120 × 92mm|
000000526|1|Liege-Kavalos|80mm|
000000527|1|Mortisan Boneshaper|32mm|
000000528|1|Mortisan Soulmason|40mm|
000000529|1|Mortisan Soulreaper|32mm|
000000530|1|Vokmortian, Master of the Bone-tithe|40mm|
000000531|1|Arkhan the Black, Mortarch of Sacrament|120 × 92mm|
000000533|1|Immortis Guard|50mm|
000000534|1|Morghast Archai|60mm|
000000535|1|Morghast Harbingers|60mm|
000000536|1|Necropolis Stalkers|50mm|
000000544|1|Soulstealer Carrion|60mm|
000000545|1|Bone-tithe Shrieker|90 × 52mm|
000000546|1|Nightmare Predator|60mm|
000000547|1|Bone-tithe Nexus|Use model|
000001116|1|Mir Kainan|40mm|
000001116|2|Binar Khenta, Karu, Senha, Hakor and Nohem|25mm|
000001622|1|Mortisan Ossifector|32mm|
000001858|1|Kavalos Centari|60 × 35mm|
000001858|2|2 × Mortek Cykloptians|32mm|
000001858|3|5 × Teratic Prowlers and Aviarch Harpies|28.5mm|
000001867|1|Nagash, Supreme Lord of the Undead|130mm|
000002396|1|Scourge of Ghyran Mortisan Boneshaper|32mm|
000002397|1|Scourge of Ghyran Mortek Guard|25mm|
000002687|1|The Grand Necromystic|105 × 70mm|
000003084|1|Kavalos War Chariot|120 × 92mm|
000003085|1|Mortek Triaxes|25mm|
000003086|1|Mortis Reapers|32mm|
000003087|1|Liege-Mortek|32mm|
000003088|1|Liege-Kavalos on War Chariot|120 × 92mm|
000003089|1|Thanatek|32mm|
000003089|2|Sekhmor, Tukhar|28.5mm|
000003089|3|Xar-Tamok, Medeb-Ahk|25mm|
000003228|1|Liege-Kavalos|80mm|
000003281|1|Mortek Guard|25mm|
000003282|1|Mortisan Soulreaper|32mm|
000003328|1|Necropolis Stalkers|50mm|
000003329|1|Mortisan Ossifector|32mm|
000003330|1|Immortis Guard|50mm|
000003331|1|Morghast Archai|60mm|
000000487|1|Ironblaster|120 × 92mm|
000000488|1|Gnoblar Scraplauncher|120 × 92mm|
000000489|1|Ogor Gluttons|40mm|
000000490|1|Stonehorn Beastriders|120 × 92mm|
000000491|1|Thundertusk Beastriders|120 × 92mm|
000000492|1|Butcher|50mm|
000000493|1|Firebelly|50mm|
000000494|1|Icebrow Hunter|50mm|
000000495|1|Slaughtermaster|105 × 70mm|
000000496|1|Tyrant|50mm|
000000497|1|Frostlord on Stonehorn|120 × 92mm|
000000498|1|Frostlord on Thundertusk|120 × 92mm|
000000499|1|Huskard on Stonehorn|120 × 92mm|
000000500|1|Huskard on Thundertusk|120 × 92mm|
000000501|1|Frost Sabres|60 × 35mm|
000000503|1|Gnoblars|25mm|
000000504|1|Icefall Yhetees|50mm|
000000505|1|Ironguts|40mm|
000000506|1|Leadbelchers|40mm|
000000507|1|Maneaters|50mm|
000000508|1|Mournfang Pack|90 × 52mm|
000000519|1|Great Mawpot|Use model|
000000860|1|Hrothgorn Mantrapper|40mm|
000000860|2|Thrafnir|25 × 50mm|
000001117|1|Kragnos, the End of Empires|130mm|
000001546|1|Bloodpelt Hunter|40mm|
000001705|1|Gorger Mawpack|50mm|
000001706|1|Mawpit|Use model|
000001768|1|Gorlok Blackpowder|50mm|
000002394|1|Scourge of Ghyran Gnoblar Scraplauncher|120 × 92mm|
000002395|1|Scourge of Ghyran Ironblaster|120 × 92mm|
000002540|1|Hrothgorn|40mm|
000002540|2|Sabretusk Thrafnir|50 x 25mm|
000002540|3|3x Gnoblars|25mm|
000003312|1|Ironguts|40mm|
000003314|1|Gnoblars|25mm|
000003344|1|Ogor Gluttons|40mm|
000003345|1|Leadbelchers|40mm|
000003346|1|Tyrant|50mm|
000000060|1|Celestar Ballista|60mm|
000000060|2|Celestar Ballista Crew|40mm|
000000061|1|Liberators|40mm|
000000062|1|Astreia Solbright|90 × 52mm|
000000063|1|Aventis Firestrike, Magister of Hammerhal|100mm|
000000064|1|Celestant-Prime, Hammer of Sigmar|100mm|
000000065|1|Gavriel Sureheart|40mm|
000000066|1|Knight-Azyros|50mm|
000000067|1|Knight-Heraldor|40mm|
000000068|1|Knight-Incantor|40mm|
000000069|1|Knight-Questor|40mm|
000000070|1|Knight-Venator|50mm|
000000071|1|Knight-Vexillor|40mm|
000000072|1|Knight-Zephyros|40mm|
000000073|1|Lord-Aquilor|90 × 52mm|
000000074|1|Lord-Arcanum|40mm|
000000075|1|Lord-Arcanum on Tauralon|100mm|
000000076|1|Lord-Arcanum on Dracoline|90 × 52mm|
000000077|1|Lord-Arcanum on Gryph-charger|90 × 52mm|
000000078|1|Lord-Castellant|40mm|
000000079|1|Lord-Celestant|40mm|
000000080|1|Lord-Celestant on Dracoth|90 × 52mm|
000000081|1|Lord-Exorcist|40mm|
000000082|1|Lord-Ordinator Vorrus Starstrike|40mm|
000000083|1|Lord-Relictor|40mm|
000000084|1|Lord-Veritant|40mm|
000000085|1|Neave Blacktalon|40mm|
000000086|1|Vandus Hammerhand|90 × 52mm|
000000087|1|Drakesworn Templar|170 × 105mm|
000000088|1|Lord-Celestant on Stardrake|170 × 105mm|
000000111|1|Celestian Vortex|65mm|
000000112|1|Dais Arcanum|50mm|
000000113|1|Everblaze Comet|65mm|
000000114|1|Aetherwings|32mm|
000000115|1|Castigators|40mm|
000000117|1|Paladin Decimators|40mm|
000000119|1|Evocators|40mm|
000000120|1|Evocators on Dracolines|90 × 52mm|
000000121|1|The Farstriders|40mm|
000000123|1|Gryph-hounds|40mm|
000000124|1|Judicators|40mm|
000000126|1|Paladin Protectors|40mm|
000000127|1|Retributors|40mm|
000000128|1|Sequitors|40mm|
000000129|1|Steelheart’s Champions|40mm|
000000131|1|Vanguard-Hunters|40mm|
000000133|1|Vanguard-Raptors|40mm|
000000134|1|Raptor-Prime|40mm|
000000134|2|2 x Vanguard-Raptors with Longstrike Crossbows|60 × 35mm|
000000486|1|Stormsire’s Cursebreakers|40mm|
000001081|1|Lord-Celestant Gardus Steel Soul|50mm|
000001134|1|Vindictors|40mm|
000001135|1|Knight-Arcanum|40mm|
000001137|1|Lord-Imperatant|40mm|
000001137|2|Gryph-hound|32mm|
000001138|1|Yndrasta, the Celestial Spear|60mm|
000001139|1|Annihilators|40mm|
000001140|1|Praetors|40mm|
000001349|1|Vanquishers|40mm|
000001351|1|Knight-Draconis|105 × 70mm|
000001353|1|Knight-Relictor|40mm|
000001354|1|Lord-Commander Bastian Carthalos|50mm|
000001355|1|Karazai the Scarred|160mm|
000001356|1|Krondys, Son of Dracothion|160mm|
000001357|1|Annihilators with Meteoric Grandhammers|40mm|
000001358|1|Dracothian Guard Concussors|90 × 52mm|
000001359|1|Dracothian Guard Desolators|90 × 52mm|
000001360|1|Dracothian Guard Fulminators|90 × 52mm|
000001361|1|Dracothian Guard Tempestors|90 × 52mm|
000001365|1|Stormstrike Chariot|120 × 92mm|
000001366|1|Vigilors|40mm|
000001382|1|Stormdrake Guard|105 × 70mm|
000001384|1|Xandire’s Truthseekers|40mm|
000001624|1|Domitan’s Stormcoven|40mm|
000001638|1|Questor Soulsworn|40mm|
000001707|1|Neave’s Companions|40mm|
000001708|1|Lorai, Child of the Abyss|40mm|
000001718|1|Ionus Cryptborn, Warden of Lost Souls|100mm|
000001824|1|Dracothian Guard Fulminators (1 model)|90 × 52mm|
000001825|1|Dracothian Guard Desolators (1 model)|90 × 52mm|
000001826|1|1х Knight-Judicator|90 × 52mm|
000001826|2|2х Gryph-hounds|40mm|
000001827|1|Prosecutors|40mm|
000001828|1|Vanguard-Palladors with Shock Handaxes|75 × 42mm|
000001829|1|Vanguard-Palladors with Starstrike Javelins|75 × 42mm|
000001830|1|Dracothian Guard Concussors (1 model)|90 × 52mm|
000001831|1|Dracothian Guard Tempestors (1 model)|90 × 52mm|
000001832|1|Lord-Terminos|40mm|
000001832|2|Memorian|25mm|
000001833|1|Lord-Vigilant on Gryph-Stalker|90 × 52mm|
000001834|1|Reclusians|40mm|
000001835|1|Stormdrake Guard (1 model)|105 × 70mm|
000001879|1|Judicators with Boltstorm Crossbows|40mm|
000001880|1|Stormreach Portal|Use model|
000001881|1|Lord-Vigilant on Morrgryph|120 × 92mm|
000001882|1|Stormstrike Palladors|90 × 52mm|
000001884|1|Iridan the Witness|120 × 92mm|
000001885|1|Tornus the Redeemed|50mm|
000002403|1|Scourge of Ghyran Iridan the Witness|120 × 92mm|
000003374|1|Yndrasta, the Celestial Spear|60mm|
000003376|1|Knight-Vexillor|40mm|
000003377|1|Vanquishers|40mm|
000003378|1|Annihilators|40mm|
000000981|1|Dire Wolves|60 × 35mm|
000000984|1|Mortis Engine|120 × 92mm|
000000985|1|Terrorgheist|130mm|
000000988|1|Necromancer|32mm|
000000990|1|Vampire Lord|40mm|
000000994|1|Bloodseeker Palanquin|120 × 92mm|
000000995|1|Coven Throne|120 × 92mm|
000000997|1|Nagash, Supreme Lord of the Undead|130mm|
000000998|1|Neferata, Mortarch of Blood|120 × 92mm|
000000999|1|Prince Vhordrai|160mm|
000001000|1|Vampire Lord on Zombie Dragon|130mm|
000001003|1|Blood Knights|75 × 42mm|
000001006|1|Bat Swarms|40mm|
000001006|2|Fell Bats|40mm|
000001012|1|The Sepulchral Guard|25mm|
000001014|1|Vargheists|50mm|
000001090|1|Gorslav the Gravekeeper|40mm|
000001091|1|Radukar the Wolf|40mm|
000001092|1|Torgillius the Chamberlain|40mm|
000001093|1|Watch Captain Halgrim|32mm|
000001094|1|Kosargi Nightguard|40mm|
000001095|1|Vyrkos Blood-born|32mm|
000001096|1|Vargskyr|50mm|
000001097|1|Skeleton Warriors|25mm|
000001099|1|The Crimson Court|32mm|
000001100|1|Belladamma Volga, First of the Vyrkos|60mm|
000001101|1|Kritza, the Rat Prince|60 × 35mm|
000001102|1|Lady Annika, the Thirsting Blade|60 × 35mm|
000001103|1|Lauka Vai, Mother of Nightmares|80mm|
000001104|1|Radukar the Beast|60mm|
000001106|1|Vengorian Lord|80mm|
000001107|1|Wight King|32mm|
000001109|1|Mannfred, Mortarch of Night|120 × 92mm|
000001110|1|Zombies|25mm|
000001418|1|Deintalos the Exile|28.5mm|
000001418|2|Prentice Marcov, Regulus Unbound, Coyl Unbound, Bault Unbound, Vlash Unbound and Ione Unbound|25mm|
000001526|1|Cado Ezechiar, the Hollow King|40mm|
000001557|1|Sir Jedran Falseborn|40mm|
000001557|2|King Morlak Velmorn|32mm|
000001557|3|Marshal Faulk Velmorn, Helmar the Hewer and Thain Fourth-and-Last|25mm|
000001567|1|Askurgan Exemplar, 2 x Askurgan Ascetics, Askurgan Pariah|32mm|
000001567|2|Curseblood|40mm|
000001567|3|3 x Askurgan Acolytes|28.5mm|
000001620|1|Ivya Volga, the Outcast|32mm|
000001621|1|Corpse Cart|105 × 70mm|
000001732|1|Sekhar, Fang of Nulahmia|60 × 35mm|
000001738|1|Lost Ferlain|40mm|
000001738|2|Zondara Rivenheart|32mm|
000001738|3|Cracktomb, Pikk and Toyle|25mm|
000001924|1|Wight King on Skeleton Steed|80mm|
000002340|1|Revenant Draconith|160mm|
000002341|1|Sanguine Swarm|Use model|
000002342|1|Unholy Reliquary|Use model|
000002343|1|Barrow Knights|60 × 35mm|
000002344|1|Hand of Nagash|Use model|
000002345|1|Barrow Guard|28.5mm|
000002346|1|Vampire Lord on Nightmare Steed|80mm|
000002347|1|Wight Lord on Skeletal Steed|80mm|
000002349|1|Cado Ezechiar|50mm|
000002349|2|Aurelias|40mm|
000002349|3|Sissendra|40mm|
000002364|1|Scourge of Ghyran Corpse Cart|105 × 70mm|
000002365|1|Scourge of Ghyran Sekhar, Fang of Nulahmia|60 × 35mm|
000003287|1|Vargheists|50mm|
000003288|1|Deathrattle Skeletons|25mm|
000003289|1|Vampire Lord|40mm|
000003321|1|Wight King|32mm|
000003323|1|Barrow Guard|28.5mm|
000000704|1|Engine of the Gods|120 × 92mm|
000000705|1|Saurus Warriors|32mm|
000000707|1|Stegadon|120 × 92mm|
000000708|1|Lord Kroak|80mm|
000000709|1|Ripperdactyl Chief|50mm|
000000710|1|Saurus Astrolith Bearer|40mm|
000000712|1|Saurus Oldblood|32mm|
000000716|1|Skink Starpriest|25mm|
000000717|1|Skink Starseer|50mm|
000000718|1|Slann Starmaster|80mm|
000000719|1|Terradon Chief|50mm|
000000720|1|Saurus Oldblood on Carnosaur|120 × 92mm|
000000721|1|Saurus Scar-Veteran on Carnosaur|120 × 92mm|
000000722|1|Troglodon|120 × 92mm|
000000725|1|Kroxigor|50mm|
000000727|1|Ripperdactyl Riders|50mm|
000000729|1|Saurus Guard|32mm|
000000731|1|Skinks|25mm|
000000732|1|Terradon Riders|50mm|
000000757|1|Realmshaper Engine|Use model|
000000758|1|Stegadon Chief|120 × 92mm|
000001047|1|Klaq-Trok|32mm|
000001047|2|Kixi-Taka the Diviner, Otapatl, Huachi, Tok and Xepic|25mm|
000001558|1|Chameleon Skinks Alpha|28.5mm|
000001558|2|4 x Chameleon Skinks|25mm|
000001559|1|Chameleon Skink Alpha, Huanchi's Claw|28.5mm|
000001559|2|3 x Chameleon Skinks|25mm|
000001560|1|Terrawings|32mm|
000001629|1|Spawn of Chotec|90 × 52mm|
000001629|2|3 x Sun Acolytes|25mm|
000001630|1|Saurus Scar-Veteran on Aggradon|90 × 52mm|
000001632|1|Aggradon Lancers|75 × 42mm|
000001633|1|Kroxigor Warspawned|50mm|
000001634|1|Raptadon Chargers|60 × 35mm|
000001635|1|Raptadon Hunters|60 × 35mm|
000001985|1|Ripperdactyl Riders (2 models)|50mm|
000001986|1|Terradon Riders (2 models)|50mm|
000001987|1|Bastiladon with Ark of Sotek|120 × 92mm|
000001988|1|Bastiladon with Solar Engine|120 × 92mm|
000002398|1|Scourge of Ghyran Saurus Oldblood on Carnosaur|120 × 92mm|
000002492|1|Sunblood|40mm|
000002492|2|2x Saurus Bodyguard|32mm|
000002492|3|Venomites|25mm|
000002606|1|Kro-Jax, the Aegis|40mm|
000002606|2|So-Kar, Ro-Tak|32mm|
000002606|3|Sotek’s Venomites|25mm|
000003245|1|Saurus Warriors|32mm|
000003246|1|Terrawings|32mm|
000003349|1|Kroxigor|50mm|
000000866|1|Mancrusher Mob|90 × 52mm|
000000867|1|Gatebreaker Mega-Gargant|130mm|
000000868|1|Kraken-eater Mega-Gargant|130mm|
000000869|1|Warstomper Mega-Gargant|130mm|
000001541|1|Beast-smasher Mega-Gargant|130mm|
000001542|1|King Brodd|130mm|
000001543|1|Mancrusher Gargant|90 × 52mm|
000001934|1|Kragnos, the End of Empires|130mm|
000002402|1|Scourge of Ghyran Kraken-eater Mega-Gargant|130mm|
000000248|1|Plagueclaw|120 × 92mm|
000000249|1|Warp Lightning Cannon|120 × 92mm|
000000250|1|Warplock Jezzails|60 × 35mm|
000000251|1|Clanrats|25mm|
000000252|1|Doomwheel|105 × 70mm|
000000253|1|Hell Pit Abomination|120 × 92mm|
000000254|1|Arch-Warlock|32mm|
000000255|1|Clawlord|32mm|
000000256|1|Deathmaster|32mm|
000000257|1|Grey Seer|32mm|
000000258|1|Master Moulder|32mm|
000000259|1|Plague Priest|32mm|
000000261|1|Skritch Spiteclaw|32mm|
000000261|2|Krrk the Almost-trusted, The Lurking Skaven, The Festering Skaven and The Hungering Skaven|25mm|
000000262|1|Warlock Bombardier|32mm|
000000263|1|Warlock Engineer|32mm|
000000264|1|Grey Seer on Screaming Bell|120 × 92mm|
000000265|1|Lord Skreech Verminking|120 × 92mm|
000000266|1|Plague Priest on Plague Furnace|120 × 92mm|
000000267|1|Thanquol on Boneripper|105 × 70mm|
000000268|1|Verminlord Corruptor|120 × 92mm|
000000269|1|Verminlord Deceiver|120 × 92mm|
000000270|1|Verminlord Warbringer|120 × 92mm|
000000271|1|Verminlord Warpseer|120 × 92mm|
000000274|1|Gutter Runners|25mm|
000000275|1|Night Runners|28.5mm|
000000278|1|Plague Monks|25mm|
000000279|1|Rat Ogors|50mm|
000000281|1|Ratling Gun|60 × 35mm|
000000283|1|Stormfiends|60mm|
000000284|1|Stormvermin|28.5mm|
000000285|1|Warpfire Thrower|60 × 35mm|
000000286|1|Warp-Grinder|90 × 52mm|
000000300|1|Bell of Doom|40mm|
000000301|1|Vermintide|120 × 92mm|
000000302|1|Warp Lightning Vortex|40mm|
000000303|1|Gnawhole|Use model|
000001420|1|Slynk Skittershank and Snyp Padpaw|32mm|
000001420|2|Kreep Kinwhisper, Krowch’t, Skulck|25mm|
000001647|1|Skabbik Plagueseeker|32mm|
000001647|2|Rabidus Skench|28.5mm|
000001647|3|Poxlix, Itchitt, Rikkit and Skritter|25mm|
000001811|1|Ratling Warpblaster|105 × 70mm|
000001812|1|Acolyte Globadiers|28.5mm|
000001813|1|Warlock Galvaneer|32mm|
000001814|1|Warpvolt Scourgers|60 × 35mm|
000001815|1|Krittok Foulblade|40mm|
000001816|1|Plaguepack (Champion)|32mm|
000001816|2|Plaguer Censer Bearer|28.5mm|
000001816|3|3x Plaguepack, Plague Rat|25mm|
000001817|1|Brood Terror|90mm|
000001818|1|Doom-Flayers|50mm|
000001819|1|Vizzik Skour, Prophet of the Horned Rat|130mm|
000001820|1|Clawlord on Gnaw-beast|75 × 42mm|
000001821|1|Plague Censer Bearer|32mm|
000002399|1|Scourge of Ghyran Grey Seer on Screaming Bell|120 × 92mm|
000002400|1|Scourge of Ghyran Brood Terror|90mm|
000002608|1|Rittak Verm, Zikkit Rockgnaw|32mm|
000002608|2|Krittatok, Nitch, Tik Tik|25mm|
000003177|1|Deathmaster Crixxit|40mm|
000003178|1|Gutter Runner Champion|32mm|
000003178|2|Gutter Runners|28.5mm|
000003248|1|Clanrats|25mm|
000003249|1|Rat Ogors|40mm|
000003250|1|Grey Seer|32mm|
000003251|1|Warlock Engineer|32mm|
000003371|1|Deathmaster Crixxit|40mm|
000003373|1|Deathmaster|32mm|
000003379|1|Stormfiends|60mm|
000000553|1|Chaos Warriors|32mm|
000000554|1|Chaos Warshrine|120 × 92mm|
000000555|1|Mutalith Vortex Beast|120 × 92mm|
000000556|1|Slaughterbrute|120 × 92mm|
000000558|1|Archaon|160mm|
000000559|1|Chaos Sorcerer Lord on Manticore|120 × 92mm|
000000560|1|Chaos Sorcerer Lord on Manticore|120 × 92mm|
000000561|1|Be’lakor, the Dark Master|100mm|
000000562|1|Lord of Chaos|40mm|
000000563|1|Chaos Lord on Daemonic Mount|90 × 52mm|
000000564|1|Chaos Lord on Karkadrak|90 × 52mm|
000000565|1|Chaos Sorcerer Lord|40mm|
000000566|1|Daemon Prince|60mm|
000000567|1|Darkoath Chieftain|32mm|
000000568|1|Darkoath Warqueen|32mm|
000000569|1|Exalted Hero of Chaos|40mm|
000000570|1|Gaunt Summoner on Disc of Tzeentch|40mm|
000000571|1|Ogroid Myrmidon|50mm|
000000573|1|Theddra Skull-scryer, Grundann Blood-Eye, Shond Head-Claimer, Jagathra and Ollo|32mm|
000000573|2|Grawl|25mm|
000000583|1|Eightfold Doom-Sigil|75mm|
000000584|1|Darkfire Daemonrift|Use model|
000000585|1|Realmscourge Rupture|Use model|
000000586|1|Chaos Chariots|120 × 92mm|
000000587|1|Chaos Chosen|40mm|
000000588|1|Chaos Knights|75 × 42mm|
000000590|1|Shrike Talon|40mm|
000000590|2|3 x Shadow Piecer, Spire Stalkers|28.5mm|
000000590|3|5 x Cabalists|25mm|
000000591|1|Thrallmaster|32mm|
000000591|2|4 x Luminate, Mirrorblades|28.5mm|
000000591|3|3 x Mindbound|25mm|
000000592|1|Slaves to Darkness Chaos Spawn|50mm|
000000593|1|Fomoroid Crusher|60mm|
000000595|1|Chaos Gorebeast Chariots|120 × 92mm|
000000596|1|Ogor Breacher|40mm|
000000596|2|Dominar, Drillmaster, Signifier/Prefector|32mm|
000000596|3|4 x Armator, Iron Legionaries|28.5mm|
000000597|1|Mindstealer Sphiranx|90 × 52mm|
000000598|1|Raptoryx|60 × 35mm|
000000599|1|Bestigor Destroyer, Pit Champion, Headclaimer|32mm|
000000599|2|4 x Frenzied Rager, Pit Veterans|28.5mm|
000000599|3|2 x Pit Fighters|25mm|
000000600|1|Trueblood, Serpent Caller, Pureblood|32mm|
000000600|2|2 x Venombloods|28.5mm|
000000600|3|5 x Serpents, Clearbloods|25mm|
000000601|1|Blissful One|40mm|
000000601|2|Joyous One|32mm|
000000601|3|3 x Ascended Ones|28.5mm|
000000601|4|4 x Awakened Ones|25mm|
000000602|1|Rocktusk Prowler|40mm|
000000602|2|Beastspeaker, First Fang, Heart-eater|32mm|
000000602|3|2 x Preytakers|28.5mm|
000000602|4|3 x Plains-runners|25mm|
000000603|1|Varanguard|75 × 42mm|
000001022|1|Khagra’s Ravagers|32mm|
000001141|1|Blazing Lord, Brazen Champion, Immolator|32mm|
000001141|2|3 x Inferno Priest, Fireborn|28.5mm|
000001141|3|2 x Initiates|25mm|
000001346|1|Wrathtouched, Slaughterborn, God-speaker|32mm|
000001346|2|7 x Gloryseekers, Proven|28.5mm|
000001347|1|Broodmaster|32mm|
000001347|2|2 x Doomweaver|28.5mm|
000001347|3|10 x Broodkin, Spider Swarms|25mm|
000001485|1|Bloodletters|32mm|
000001529|1|Centaurion Marshal|80mm|
000001530|1|1х Decuriarch, 1x Mutandor with Beast Spear, 3x Hornhelms|32mm|
000001530|2|3 x Hornshields|28.5mm|
000001531|1|Ruinator Alpha, Ruinator, Demolisher with Flamehurler|32mm|
000001531|2|4 x Demolishers with Crushing Weapons, Demolisher with Crushing Weapons and Shield|28.5mm|
000001531|3|3 x Shatterers|25mm|
000001547|1|Soul Grinder|160mm|
000001548|1|Eternus, Blade of the First Prince|90 × 52mm|
000001549|1|Gaunt Summoner|40mm|
000001551|1|Ogroid Theridons|50mm|
000001555|1|The Gnarlspirit Pack|32mm|
000001742|1|Darkoath Chieftain on Warsteed|75 × 42mm|
000001743|1|Darkoath Wilderfiend|60mm|
000001744|1|Darkoath Marauders|28.5mm|
000001745|1|Darkoath Fellriders|60 × 35mm|
000001748|1|Abraxia, Spear of the Everchosen|100mm|
000001749|1|Gunnar Brand|32mm|
000001750|1|The Oathsworn Kin|32mm|
000001751|1|Singri Brand|63 × 33mm sculpted|
000001752|1|Nexus Chaotica|Use model|
000001771|1|Chaos Furies|32mm|
000002401|1|Scourge of Ghyran Abraxia, Spear of the Everchosen|100mm|
000002693|1|Athol Khul|32mm|
000003337|1|Darkoath Warqueen|32mm|
000003338|1|Darkoath Marauders|28.5mm|
000003390|1|Chaos Lord|40mm|
000003391|1|Chaos Warriors|32mm|
000000304|1|Sylvaneth Dryads|32mm|
000000305|1|Treelord|105 × 70mm|
000000306|1|Arch-Revenant|40mm|
000000308|1|Branchwych|32mm|
000000310|1|Ylthari’s Guardians|32mm|
000000311|1|Alarielle the Everqueen|160mm|
000000312|1|Drycha Hamadreth|105 × 70mm|
000000313|1|Spirit of Durthu|105 × 70mm|
000000314|1|Treelord Ancient|105 × 70mm|
000000318|1|Spite-Revenants|32mm|
000000319|1|Tree-Revenants|32mm|
000000326|1|Gladewyrm|Use model|
000000327|1|Spiteswarm Hive|50mm|
000000328|1|Vengeful Skullroot|105 × 70mm|
000000329|1|Sylvaneth Wyldwood|Use model|
000000863|1|Skaeth the Huntsman|52 × 27mm sculpted|
000000863|2|Althaen, Karthaen, Sheoch|32mm|
000000863|3|Lighaen|25mm|
000001121|1|Warsong Revenant|105 × 70mm|
000001421|1|The Lady of Vines|80mm|
000001422|1|Gossamid Archers|32mm|
000001423|1|Revenant Seekers|60mm|
000001424|1|Spiterider Lancers|60mm|
000001719|1|Belthanos, First Thorn of Kurnoth|150 × 95mm|
000001915|1|1x Swarmsage|40mm|
000001915|2|2x Twistroot Warden, 1x Twistroot Revenant|32mm|
000001915|3|3x Twistroot Dryads|28.5mm|
000001915|4|0-1 Twistroot Revenant|32mm|
000001915|5|OR||
000001915|6|0-1 Twistroot Spite-Revenant|40mm|
000002404|1|Scourge of Ghyran Revenant Seekers|60mm|
000002405|1|Scourge of Ghyran Drycha Hamadreth|105 × 70mm|
000002610|1|Kurnoth’s Heralds|60 × 35mm|
000003134|1|Kurnoth Hunters with Greatbows|50mm|
000003135|1|Kurnoth Hunters with Greatscythes|50mm|
000003136|1|Grove Guardian|90 × 52mm|
000003137|1|Kurnoth Hunters with Greatswords|50mm|
000003138|1|Kelthannor, the Forest Prince|60 × 35mm|
000003223|1|Gossamid Archers|32mm|
000003224|1|Spiterider Lancers|60mm|
000003225|1|Arch-Revenant|40mm|
000003226|1|Revenant Seekers|60mm|
000003300|1|Kurnoth Hunters|50mm|
000003301|1|Branchwych|32mm|
000003302|1|Tree-Revenants|32mm|
