warscroll_id|line|unit|size|
000001584|1|Fomoroid Crusher|1|
000001584|2|Ogroid Myrmidon|1|
000001584|3|Mindstealer Sphiranx|1|
000001978|1|Warstomper Mega-Gargant|1|
000002154|1|Mancrusher Gargant|1|
000002265|1|Loonboss|1|
000002265|2|Dankhold Troggoth|1|
000002409|1|Endrinmaster with Dirigible Suit|1|
000002409|2|Skywardens|3|
000002409|3|Grundstok Gunhauler|1|
000002911|1|Harbinger of Decay|1|
000002911|2|Putrid Blightkings unit with 5 models|1|
000002911|3|Pusgoyle Blightlords unit with 2 models|1|
000002919|1|Nurglings unit with 3 models||
000002919|2|Nurglings unit with 3 models||
000002971|1|Magister|1|
000002971|2|Pink Horrors with 10 models|1|
000002971|3|Burning Sigil of Tzeentch|1|
000002971|4|Tome of Eyes|1|
000002971|5|Daemonic Simulacrum|1|
000002454|1|<b>Skarbrand</b>|1|
000002461|1|Slaughterpriest|1|
000002461|2|Bloodreavers|10|
000002461|3|Skullreapers|5|
000002496|1|Singri Brand|1|
000002496|2|Gunnar Brand|1|
000002496|3|The Oathsworn Kin|1|
000002503|1|Daemon Prince|1|
000002506|1|Fomoroid Crusher|1|
000002506|2|Ogroid Myrmidon|1|
000002506|3|Mindstealer Sphiranx|1|
000002508|1|Krittok Foulblade|1|
000002508|2|Stormvermin unit with 10 models|1|
000002508|3|Doom-Flayers unit with 2 models|1|
000002508|4|Each unit in this Regiment of Renown has the <span class="kwb">KRITTOK’S</span> <span class="kwb">CLAWPACK</span> keyword.||
000002509|1|Chaos Lord on Daemonic Mount|1|
000002509|2|Chaos Knights unit with 5 models.|1|
000002509|3|Chaos Warriors unit with 10 models.|1|
000002513|1|Warstomper Mega-Gargant|1|
000002519|1|Loonboss|1|
000002519|2|Dankhold Troggoth|1|
000002523|1|Mancrusher Gargant|1|
000002538|1|Warlock Galvaneer|1|
000002538|2|Warpvolt Scourgers unit with 3 models|1|
000002538|3|Ratling Warpblaster|1|
000002538|4|Each unit in this Regiment of Renown has the <span class="kwb">VOLT-KLAW’S</span> <span class="kwb">ENGINECOVEN</span> keyword.||
000002559|1|Varghulf Courtier|1|
000002559|2|Morbheg Knights|3|
000002629|1|Ashen Elder|1|
000002629|2|Dominator Engine with Bane Maces|1|
000002637|1|Daemonsmith|1|
000002637|2|Tormentor Bombard|1|
000002637|3|Deathshrieker Rocket Battery|1|
000002912|1|Harbinger of Decay|1|
000002912|2|Putrid Blightkings unit with 5 models|1|
000002912|3|Pusgoyle Blightlords unit with 2 models|1|
000002937|1|Spoilpox Scrivener, Herald of Nurgle|1|
000002937|2|Plaguebearers with 10 models|1|
000002937|3|Feculent Gnarlmaw|1|
000002944|1|Sloppity Bilepiper, Herald of Nurgle|1|
000002944|2|Beast of Nurgle|2|
000002019|1|Ogroid Myrmidon|1|
000002019|2|Ogroid Thaumaturge|1|
000002019|3|Ogroid Theridons|3|
000002032|1|Gatebreaker Mega-Gargant|1|
000002035|1|Beast-skewer Killbow|1|
000002035|2|Man-skewer Boltboyz unit with 3 models|1|
000002035|3|Man-skewer Boltboyz unit with 3 models|1|
000002035|4|The Beast-skewer Killbow in this Regiment of Renown has the <span class="kwb">HERO</span> keyword.||
000002041|1|Kraken-eater Mega-Gargant|1|
000002108|1|Beast-smasher Mega-Gargant|1|
000002111|1|Warstomper Mega-Gargant|1|
000002156|1|Mancrusher Gargant|1|
000002241|1|Tuskboss on Maw-grunta|1|
000002241|2|Maw-grunta Gougers|1|
000002248|1|Swampboss Skumdrekk|1|
000002248|2|Hobgrot Slittaz units with 10 models|2|
000002260|1|Rabble-Rowza|1|
000002260|2|Gobbapalooza|1|
000002260|3|Squig Herd unit with 12 models|1|
000002260|4|Squig Hoppers unit with 10 models|1|
000002267|1|Loonboss|1|
000002267|2|Dankhold Troggoth|1|
000002410|1|Endrinmaster with Dirigible Suit|1|
000002410|2|Skywardens|3|
000002410|3|Grundstok Gunhauler|1|
000002920|1|Nurglings unit with 3 models||
000002920|2|Nurglings unit with 3 models||
000001668|1|Grimhold Exile|1|
000001668|2|Auric Hearthguard unit with 5 models|1|
000001668|3|Hearthguard Berzerkers with Flamestrike Poleaxes unit with 5 models|1|
000001668|4|Vulkite Berzerkers with Fyresteel Weapons unit with 10 models|1|
000001710|1|Neave Blacktalon|1|
000001710|2|Lorai, Child of the Abyss|1|
000001710|3|Neave’s Companions|1|
000001837|1|Runelord|1|
000001837|2|Irondrakes unit with 10 models|1|
000001837|3|Longbeards unit with 10 models|1|
000001838|1|Callis and Toll|1|
000001838|2|Toll’s Companions|1|
000001894|1|Lord-Aquilor.|1|
000001894|2|Vanguard-Hunters.|1|
000001894|3|Vanguard-Palladors with Starstrike Javelins unit with 3 models.|1|
000001896|1|Knight-Draconis|1|
000001896|2|Stormdrake Guard (1 model)|1|
000001942|1|Kraken-eater Mega-Gargant|1|
000002157|1|Mancrusher Gargant|1|
000002217|1|Gotrek Gurnisson|1|
000002268|1|Loonboss|1|
000002268|2|Dankhold Troggoth|1|
000002411|1|Endrinmaster with Dirigible Suit|1|
000002411|2|Skywardens|3|
000002411|3|Grundstok Gunhauler|1|
000002432|1|Drekki Flynt|1|
000002432|2|Arkanaut Frigate (the <i>Aelsling</i>)|1|
000002432|3|Arkanaut Company unit with 10 models|1|
000002442|1|Codewright|1|
000002442|2|Grundstok Thunderers unit with 5 models|1|
000002442|3|Grundstok Thunderers unit with 5 models|1|
000002474|1|Akhelian Allopex|2|
000002483|1|Akhelian Thrallmaster|1|
000002483|2|Namarti Reavers with 10 models|1|
000002483|3|Namarti Thralls with 10 models|1|
000002571|1|Grand Justice Gormayne|1|
000002571|2|Royal Decapitator|1|
000002571|3|Cryptguard|10|
000002671|1|Edmark Valoran the Manticore Knight |0-1|
000002671|2|Bren Tylis the Renegade Saint|0-1|
000002671|3|Inara Sion the Cleansing Blade|0-1|
000002671|4|Drolf Ironhead the Grizzled Explorer|0-1|
000002671|5|Kelthannor the Forest Prince|0-1|
000002671|6|Jacobus Vyne the Jade Wizard|0-1|
000002671|7|Drasher Vorn the Rampaging Beast|0-1|
000002671|8|This Regiment of Renown is built during army composition. You must include at least 1 of the units opposite in this regiment and can include 1 of each of them. Add together the points values of each unit you include in this regiment to determine its points cost.||
000002671|9|<div class="BreakInsideAvoid" style="" "=""><table border="0" bordercolor="#888" cellpadding="4" cellspacing="0" style="border-collapse:collapse;border-width:0px"><tbody><tr><td><table class=" customTable" border="1" bordercolor="#888" cellpadding="4" style="border-collapse:collapse;border-color:#908249;border-width:0px"><tbody><tr><td style="border-width:0 1px 0 0;border-style:none solid none none;background-color:rgb(141,39,39);color:rgb(254,254,254);border-color:rgb(255,255,255);text-align:center;vertical-align:bottom;width:266px;height:0px;"><b>Unit</b></td><td style="border-width:0 0 0 0;border-style:none none none none;background-color:rgb(141,39,39);color:rgb(254,254,254);vertical-align:bottom;width:1&nbsp;028px;height:0px;"><b>Points</b></td></tr><tr><td style="border-width:0 1px 1px 0;border-style:none solid solid none;border-color:rgb(141,39,39);text-align:center;vertical-align:middle;width:266px;height:0px;"><b>Edmark Valoran, the Manticore Knight</b></td><td style="border-width:0 0 1px 0;border-style:none none solid none;border-color:rgb(141,39,39);text-align:left;vertical-align:middle;width:1&nbsp;028px;height:0px;">+110</td></tr><tr><td style="border-width:0 1px 1px 0;border-style:none solid solid none;border-color:rgb(141,39,39);text-align:center;vertical-align:middle;width:266px;height:0px;"><b>Bren Tylis, the Renegade Saint</b></td><td style="border-width:0 0 1px 0;border-style:none none solid none;border-color:rgb(141,39,39);text-align:left;vertical-align:middle;width:1&nbsp;028px;height:0px;">+120</td></tr><tr><td style="border-width:0 1px 1px 0;border-style:none solid solid none;border-color:rgb(141,39,39);text-align:center;vertical-align:middle;width:266px;height:0px;"><b>Inara Sion, the Cleansing Blade</b></td><td style="border-width:0 0 1px 0;border-style:none none solid none;border-color:rgb(141,39,39);text-align:left;vertical-align:middle;width:1&nbsp;028px;height:0px;">+120</td></tr><tr><td style="border-width:0 1px 1px 0;border-style:none solid solid none;border-color:rgb(141,39,39);text-align:center;vertical-align:middle;width:266px;height:0px;"><b>Drolf Ironhead, the Grizzled Explorer</b></td><td style="border-width:0 0 1px 0;border-style:none none solid none;border-color:rgb(141,39,39);text-align:left;vertical-align:middle;width:1&nbsp;028px;height:0px;">+100</td></tr><tr><td style="border-width:0 1px 1px 0;border-style:none solid solid none;border-color:rgb(141,39,39);text-align:center;vertical-align:middle;width:266px;height:0px;"><b>Kelthannor, the Forest Prince</b></td><td style="border-width:0 0 1px 0;border-style:none none solid none;border-color:rgb(141,39,39);text-align:left;vertical-align:middle;width:1&nbsp;028px;height:0px;">+150</td></tr><tr><td style="border-width:0 1px 1px 0;border-style:none solid solid none;border-color:rgb(141,39,39);text-align:center;vertical-align:middle;width:266px;height:0px;"><b>Jacobus Vyne, the Jade Wizard</b></td><td style="border-width:0 0 1px 0;border-style:none none solid none;border-color:rgb(141,39,39);text-align:left;vertical-align:middle;width:1&nbsp;028px;height:0px;">+130</td></tr><tr><td style="border-width:0 1px 1px 0;border-style:none solid solid none;border-color:rgb(141,39,39);text-align:center;vertical-align:middle;width:266px;height:0px;"><b>Drasher Vorn, the Rampaging Beast</b></td><td style="border-width:0 0 1px 0;border-style:none none solid none;border-color:rgb(141,39,39);text-align:left;vertical-align:middle;width:1&nbsp;028px;height:0px;">+150</td></tr></tbody></table></td></tr></tbody></table></div>||
000002672|1|Edmark Valoran the Manticore Knight |0-1|
000002672|2|Bren Tylis the Renegade Saint|0-1|
000002672|3|Inara Sion the Cleansing Blade|0-1|
000002672|4|Drolf Ironhead the Grizzled Explorer|0-1|
000002672|5|Kelthannor the Forest Prince|0-1|
000002672|6|Jacobus Vyne the Jade Wizard|0-1|
000002672|7|Drasher Vorn the Rampaging Beast|0-1|
000002672|8|This Regiment of Renown is built during army composition. You must include at least 1 of the units opposite in this regiment and can include 1 of each of them. Add together the points values of each unit you include in this regiment to determine its points cost.||
000002672|9|<div class="BreakInsideAvoid" style="" "=""><table border="0" bordercolor="#888" cellpadding="4" cellspacing="0" style="border-collapse:collapse;border-width:0px"><tbody><tr><td><table class=" customTable" border="1" bordercolor="#888" cellpadding="4" style="border-collapse:collapse;border-color:#908249;border-width:0px"><tbody><tr><td style="border-width:0 1px 0 0;border-style:none solid none none;background-color:rgb(141,39,39);color:rgb(254,254,254);border-color:rgb(255,255,255);text-align:center;vertical-align:bottom;width:266px;height:0px;"><b>Unit</b></td><td style="border-width:0 0 0 0;border-style:none none none none;background-color:rgb(141,39,39);color:rgb(254,254,254);vertical-align:bottom;width:1&nbsp;028px;height:0px;"><b>Points</b></td></tr><tr><td style="border-width:0 1px 1px 0;border-style:none solid solid none;border-color:rgb(141,39,39);text-align:center;vertical-align:middle;width:266px;height:0px;"><b>Edmark Valoran, the Manticore Knight</b></td><td style="border-width:0 0 1px 0;border-style:none none solid none;border-color:rgb(141,39,39);text-align:left;vertical-align:middle;width:1&nbsp;028px;height:0px;">+110</td></tr><tr><td style="border-width:0 1px 1px 0;border-style:none solid solid none;border-color:rgb(141,39,39);text-align:center;vertical-align:middle;width:266px;height:0px;"><b>Bren Tylis, the Renegade Saint</b></td><td style="border-width:0 0 1px 0;border-style:none none solid none;border-color:rgb(141,39,39);text-align:left;vertical-align:middle;width:1&nbsp;028px;height:0px;">+120</td></tr><tr><td style="border-width:0 1px 1px 0;border-style:none solid solid none;border-color:rgb(141,39,39);text-align:center;vertical-align:middle;width:266px;height:0px;"><b>Inara Sion, the Cleansing Blade</b></td><td style="border-width:0 0 1px 0;border-style:none none solid none;border-color:rgb(141,39,39);text-align:left;vertical-align:middle;width:1&nbsp;028px;height:0px;">+120</td></tr><tr><td style="border-width:0 1px 1px 0;border-style:none solid solid none;border-color:rgb(141,39,39);text-align:center;vertical-align:middle;width:266px;height:0px;"><b>Drolf Ironhead, the Grizzled Explorer</b></td><td style="border-width:0 0 1px 0;border-style:none none solid none;border-color:rgb(141,39,39);text-align:left;vertical-align:middle;width:1&nbsp;028px;height:0px;">+100</td></tr><tr><td style="border-width:0 1px 1px 0;border-style:none solid solid none;border-color:rgb(141,39,39);text-align:center;vertical-align:middle;width:266px;height:0px;"><b>Kelthannor, the Forest Prince</b></td><td style="border-width:0 0 1px 0;border-style:none none solid none;border-color:rgb(141,39,39);text-align:left;vertical-align:middle;width:1&nbsp;028px;height:0px;">+150</td></tr><tr><td style="border-width:0 1px 1px 0;border-style:none solid solid none;border-color:rgb(141,39,39);text-align:center;vertical-align:middle;width:266px;height:0px;"><b>Jacobus Vyne, the Jade Wizard</b></td><td style="border-width:0 0 1px 0;border-style:none none solid none;border-color:rgb(141,39,39);text-align:left;vertical-align:middle;width:1&nbsp;028px;height:0px;">+130</td></tr><tr><td style="border-width:0 1px 1px 0;border-style:none solid solid none;border-color:rgb(141,39,39);text-align:center;vertical-align:middle;width:266px;height:0px;"><b>Drasher Vorn, the Rampaging Beast</b></td><td style="border-width:0 0 1px 0;border-style:none none solid none;border-color:rgb(141,39,39);text-align:left;vertical-align:middle;width:1&nbsp;028px;height:0px;">+150</td></tr></tbody></table></td></tr></tbody></table></div>||
000002921|1|Nurglings unit with 3 models||
000002921|2|Nurglings unit with 3 models||
000002980|1|Mask of the Deceiver|1|
000003031|1|Scinari Calligrave|1|
000003031|2|Sanctum of Amyntok|1|
000003031|3|Hyshian Twinstones|1|
000003031|4|Rune of Petrification|1|
000003031|5|<b>Designer’s Note:</b> <i>Including this Regiment of Renown in your army does not stop you from being able to pick a manifestation lore for your army</i>||
000003039|1|Vanari Lord Regent on Lightcourser|1|
000003039|2|Vanari Dawnriders|5|
000003072|1|Mortisan Ossifector|1|
000003072|2|Mortek Guard|10|
000003072|3|Mortek Guard|10|
000003072|4|Gothizzar Harvester|1|
000003121|1|Arch-Revenant|1|
000003121|2|Gossamid Archers unit with 5 models|1|
000003140|1|Branchwych|1|
000003140|2|The Twistweald unit with 8 models|1|
000003147|1|Drycha Hamadreth||
000003147|2|Spite-Revenants with 5 models|2|
000003157|1|Khinerai Heartrenders unit with 5 models|1|
000003157|2|Khinerai Lifetakers unit with 5 models|1|
000003166|1|High Gladiatrix|1|
000003166|2|Sisters of Slaughter unit with 10 models|1|
000003156|1|Khinerai Heartrenders unit with 5 models|1|
000003156|2|Khinerai Lifetakers unit with 5 models|1|
000003165|1|High Gladiatrix|1|
000003165|2|Sisters of Slaughter unit with 10 models|1|
000003179|1|Akhelian Allopex|2|
000003181|1|Kraken-eater Mega-Gargant|1|
000003183|1|Vanari Lord Regent on Lightcourser|1|
000003183|2|Vanari Dawnriders|5|
000003185|1|Drekki Flynt|1|
000003185|2|Arkanaut Frigate (the <i>Aelsling</i>)|1|
000003185|3|Arkanaut Company unit with 10 models|1|
000003187|1|Drycha Hamadreth||
000003187|2|Spite-Revenants with 5 models|2|
000003188|1|Arch-Revenant|1|
000003188|2|Gossamid Archers unit with 5 models|1|
000003189|1|Mortisan Ossifector|1|
000003189|2|Mortek Guard|10|
000003189|3|Mortek Guard|10|
000003189|4|Gothizzar Harvester|1|
000003190|1|Endrinmaster with Dirigible Suit|1|
000003190|2|Skywardens|3|
000003190|3|Grundstok Gunhauler|1|
000003191|1|Grimhold Exile|1|
000003191|2|Auric Hearthguard unit with 5 models|1|
000003191|3|Hearthguard Berzerkers with Flamestrike Poleaxes unit with 5 models|1|
000003191|4|Vulkite Berzerkers with Fyresteel Weapons unit with 10 models|1|
000003193|1|Gotrek Gurnisson|1|
000003195|1|Edmark Valoran the Manticore Knight |0-1|
000003195|2|Bren Tylis the Renegade Saint|0-1|
000003195|3|Inara Sion the Cleansing Blade|0-1|
000003195|4|Drolf Ironhead the Grizzled Explorer|0-1|
000003195|5|Kelthannor the Forest Prince|0-1|
000003195|6|Jacobus Vyne the Jade Wizard|0-1|
000003195|7|Drasher Vorn the Rampaging Beast|0-1|
000003195|8|This Regiment of Renown is built during army composition. You must include at least 1 of the units opposite in this regiment and can include 1 of each of them. Add together the points values of each unit you include in this regiment to determine its points cost.||
000003195|9|<div class="BreakInsideAvoid" style="" "=""><table border="0" bordercolor="#888" cellpadding="4" cellspacing="0" style="border-collapse:collapse;border-width:0px"><tbody><tr><td><table class=" customTable" border="1" bordercolor="#888" cellpadding="4" style="border-collapse:collapse;border-color:#908249;border-width:0px"><tbody><tr><td style="border-width:0 1px 0 0;border-style:none solid none none;background-color:rgb(141,39,39);color:rgb(254,254,254);border-color:rgb(255,255,255);text-align:center;vertical-align:bottom;width:266px;height:0px;"><b>Unit</b></td><td style="border-width:0 0 0 0;border-style:none none none none;background-color:rgb(141,39,39);color:rgb(254,254,254);vertical-align:bottom;width:1&nbsp;028px;height:0px;"><b>Points</b></td></tr><tr><td style="border-width:0 1px 1px 0;border-style:none solid solid none;border-color:rgb(141,39,39);text-align:center;vertical-align:middle;width:266px;height:0px;"><b>Edmark Valoran, the Manticore Knight</b></td><td style="border-width:0 0 1px 0;border-style:none none solid none;border-color:rgb(141,39,39);text-align:left;vertical-align:middle;width:1&nbsp;028px;height:0px;">+110</td></tr><tr><td style="border-width:0 1px 1px 0;border-style:none solid solid none;border-color:rgb(141,39,39);text-align:center;vertical-align:middle;width:266px;height:0px;"><b>Bren Tylis, the Renegade Saint</b></td><td style="border-width:0 0 1px 0;border-style:none none solid none;border-color:rgb(141,39,39);text-align:left;vertical-align:middle;width:1&nbsp;028px;height:0px;">+120</td></tr><tr><td style="border-width:0 1px 1px 0;border-style:none solid solid none;border-color:rgb(141,39,39);text-align:center;vertical-align:middle;width:266px;height:0px;"><b>Inara Sion, the Cleansing Blade</b></td><td style="border-width:0 0 1px 0;border-style:none none solid none;border-color:rgb(141,39,39);text-align:left;vertical-align:middle;width:1&nbsp;028px;height:0px;">+120</td></tr><tr><td style="border-width:0 1px 1px 0;border-style:none solid solid none;border-color:rgb(141,39,39);text-align:center;vertical-align:middle;width:266px;height:0px;"><b>Drolf Ironhead, the Grizzled Explorer</b></td><td style="border-width:0 0 1px 0;border-style:none none solid none;border-color:rgb(141,39,39);text-align:left;vertical-align:middle;width:1&nbsp;028px;height:0px;">+100</td></tr><tr><td style="border-width:0 1px 1px 0;border-style:none solid solid none;border-color:rgb(141,39,39);text-align:center;vertical-align:middle;width:266px;height:0px;"><b>Kelthannor, the Forest Prince</b></td><td style="border-width:0 0 1px 0;border-style:none none solid none;border-color:rgb(141,39,39);text-align:left;vertical-align:middle;width:1&nbsp;028px;height:0px;">+150</td></tr><tr><td style="border-width:0 1px 1px 0;border-style:none solid solid none;border-color:rgb(141,39,39);text-align:center;vertical-align:middle;width:266px;height:0px;"><b>Jacobus Vyne, the Jade Wizard</b></td><td style="border-width:0 0 1px 0;border-style:none none solid none;border-color:rgb(141,39,39);text-align:left;vertical-align:middle;width:1&nbsp;028px;height:0px;">+130</td></tr><tr><td style="border-width:0 1px 1px 0;border-style:none solid solid none;border-color:rgb(141,39,39);text-align:center;vertical-align:middle;width:266px;height:0px;"><b>Drasher Vorn, the Rampaging Beast</b></td><td style="border-width:0 0 1px 0;border-style:none none solid none;border-color:rgb(141,39,39);text-align:left;vertical-align:middle;width:1&nbsp;028px;height:0px;">+150</td></tr></tbody></table></td></tr></tbody></table></div>||
000003197|1|Mask of the Deceiver|1|
000003199|1|Akhelian Thrallmaster|1|
000003199|2|Namarti Reavers with 10 models|1|
000003199|3|Namarti Thralls with 10 models|1|
000003201|1|Runelord|1|
000003201|2|Irondrakes unit with 10 models|1|
000003201|3|Longbeards unit with 10 models|1|
000003203|1|Nurglings unit with 3 models||
000003203|2|Nurglings unit with 3 models||
000003205|1|Callis and Toll|1|
000003205|2|Toll’s Companions|1|
000003207|1|Scinari Calligrave|1|
000003207|2|Sanctum of Amyntok|1|
000003207|3|Hyshian Twinstones|1|
000003207|4|Rune of Petrification|1|
000003207|5|<b>Designer’s Note:</b> <i>Including this Regiment of Renown in your army does not stop you from being able to pick a manifestation lore for your army</i>||
000003209|1|Codewright|1|
000003209|2|Grundstok Thunderers unit with 5 models|1|
000003209|3|Grundstok Thunderers unit with 5 models|1|
000003211|1|Loonboss|1|
000003211|2|Dankhold Troggoth|1|
000003212|1|Mancrusher Gargant|1|
000003214|1|Neave Blacktalon|1|
000003214|2|Lorai, Child of the Abyss|1|
000003214|3|Neave’s Companions|1|
000003216|1|Lord-Aquilor.|1|
000003216|2|Vanguard-Hunters.|1|
000003216|3|Vanguard-Palladors with Starstrike Javelins unit with 3 models.|1|
000003218|1|Branchwych|1|
000003218|2|The Twistweald unit with 8 models|1|
000003219|1|Knight-Draconis|1|
000003219|2|Stormdrake Guard (1 model)|1|
000001912|1|Magister|1|
000001912|2|Pink Horrors with 10 models|1|
000001912|3|Burning Sigil of Tzeentch|1|
000001912|4|Tome of Eyes|1|
000001912|5|Daemonic Simulacrum|1|
000002977|1|Mask of the Deceiver|1|
000003003|1|Gaunt Summoner on Disc of Tzeentch|1|
000003003|2|Magister on Disc of Tzeentch|1|
000003003|3|Screamers of Tzeentch|3|
000003012|1|Singri Brand|1|
000003012|2|Gunnar Brand|1|
000003012|3|The Oathsworn Kin|1|
000003013|1|Sloppity Bilepiper, Herald of Nurgle|1|
000003013|2|Beast of Nurgle|2|
000003014|1|Daemon Prince|1|
000003015|1|Fomoroid Crusher|1|
000003015|2|Ogroid Myrmidon|1|
000003015|3|Mindstealer Sphiranx|1|
000003016|1|Krittok Foulblade|1|
000003016|2|Stormvermin unit with 10 models|1|
000003016|3|Doom-Flayers unit with 2 models|1|
000003016|4|Each unit in this Regiment of Renown has the <span class="kwb">KRITTOK’S</span> <span class="kwb">CLAWPACK</span> keyword.||
000003017|1|Chaos Lord on Daemonic Mount|1|
000003017|2|Chaos Knights unit with 5 models.|1|
000003017|3|Chaos Warriors unit with 10 models.|1|
000003018|1|Warstomper Mega-Gargant|1|
000003019|1|Harbinger of Decay|1|
000003019|2|Putrid Blightkings unit with 5 models|1|
000003019|3|Pusgoyle Blightlords unit with 2 models|1|
000003020|1|Ashen Elder|1|
000003020|2|Dominator Engine with Bane Maces|1|
000003021|1|Loonboss|1|
000003021|2|Dankhold Troggoth|1|
000003022|1|Varghulf Courtier|1|
000003022|2|Morbheg Knights|3|
000003023|1|Mancrusher Gargant|1|
000003024|1|Daemonsmith|1|
000003024|2|Tormentor Bombard|1|
000003024|3|Deathshrieker Rocket Battery|1|
000003025|1|<b>Skarbrand</b>|1|
000003026|1|Spoilpox Scrivener, Herald of Nurgle|1|
000003026|2|Plaguebearers with 10 models|1|
000003026|3|Feculent Gnarlmaw|1|
000003027|1|Slaughterpriest|1|
000003027|2|Bloodreavers|10|
000003027|3|Skullreapers|5|
000003028|1|Warlock Galvaneer|1|
000003028|2|Warpvolt Scourgers unit with 3 models|1|
000003028|3|Ratling Warpblaster|1|
000003028|4|Each unit in this Regiment of Renown has the <span class="kwb">VOLT-KLAW’S</span> <span class="kwb">ENGINECOVEN</span> keyword.||
000001919|1|Ushoran, Mortarch of Delusion||
000001919|2|Cryptguard unit with 10 models|1|
000001919|3|Morbheg Knights unit with 3 models|1|
000001923|1|Marrowscroll Herald|1|
000001923|2|Crypt Ghouls unit with 20 models|1|
000001923|3|Crypt Horrors unit with 3 models|1|
000001923|4|Crypt Flayers unit with 3 models|1|
000002027|1|Varghulf Courtier|1|
000002027|2|Morbheg Knights|3|
000002566|1|Royal Terrorgheist|1|
000002570|1|Grand Justice Gormayne|1|
000002570|2|Royal Decapitator|1|
000002570|3|Cryptguard|10|
000002582|1|Gatebreaker Mega-Gargant|1|
000002584|1|Blades of the Hollow King|1|
000002586|1|Black Coach|1|
000002587|1|Scriptor Mortis|1|
000002587|2|Craventhrone Guard|5|
000002587|3|Craventhrone Guard|5|
000002589|1|Neferata, Mortarch of Blood||
000002589|2|Barrow Knights unit with 5 models|1|
000002589|3|Deathrattle Skeletons unit with 10 models|1|
000002589|4|Deathrattle Skeletons unit with 10 models|1|
000002593|1|Mancrusher Gargant|1|
000002595|1|Revenant Draconith|1|
000002601|1|Lady Olynder, Mortarch of Grief||
000002601|2|Dreadscythe Harridans unit with 10 models|1|
000002601|3|Myrmourn Banshees unit with 4 models|1|
000002601|4|Myrmourn Banshees unit with 4 models|1|
000002602|1|Mannfred von Carstein, Mortarch of Night|1|
000002602|2|Barrow Guard unit with 10 models|1|
000002602|3|Fell Bats units with 3 models|2|
000002604|1|Corpse Cart|1|
000002604|2|Deadwalker Zombies unit with 20 models|1|
000002923|1|Nurglings unit with 3 models||
000002923|2|Nurglings unit with 3 models||
000002982|1|Mask of the Deceiver|1|
000003066|1|Katakros, Mortarch of the Necropolis||
000003066|2|Immortis Guard unit with 3 models|1|
000003066|3|Immortis Guard unit with 3 models|1|
000003069|1|Arkhan the Black, Mortarch of Sacrament||
000003069|2|Morghast Archai unit with 2 models|1|
000003069|3|Morghast Harbingers unit with 2 models|1|
000003074|1|Mortisan Ossifector|1|
000003074|2|Mortek Guard|10|
000003074|3|Mortek Guard|10|
000003074|4|Gothizzar Harvester|1|
000003091|1|Vokmortian, Master of the Bone-tithe||
000003091|2|Immortis Guard|3|
000003091|3|Mortek Guard|10|
000003095|1|Mortisan Ossifector|1|
000003095|2|Mortek Crawler|1|
000003129|1|Treelord|1|
000003129|2|Spite-Revenants|5|
000003129|3|Spite-Revenants|5|
000001984|1|Grimhold Exile|1|
000001984|2|Auric Hearthguard unit with 5 models|1|
000001984|3|Hearthguard Berzerkers with Flamestrike Poleaxes unit with 5 models|1|
000001984|4|Vulkite Berzerkers with Fyresteel Weapons unit with 10 models|1|
000002042|1|Kraken-eater Mega-Gargant|1|
000002086|1|Runelord|1|
000002086|2|Irondrakes unit with 10 models|1|
000002086|3|Longbeards unit with 10 models|1|
000002120|1|Callis and Toll|1|
000002120|2|Toll’s Companions|1|
000002161|1|Mancrusher Gargant|1|
000002179|1|Neave Blacktalon|1|
000002179|2|Lorai, Child of the Abyss|1|
000002179|3|Neave’s Companions|1|
000002190|1|Lord-Aquilor.|1|
000002190|2|Vanguard-Hunters.|1|
000002190|3|Vanguard-Palladors with Starstrike Javelins unit with 3 models.|1|
000002202|1|Knight-Draconis|1|
000002202|2|Stormdrake Guard (1 model)|1|
000002216|1|Gotrek Gurnisson|1|
000002225|1|Gotrek Gurnisson|1|
000002413|1|Endrinmaster with Dirigible Suit|1|
000002413|2|Skywardens|3|
000002413|3|Grundstok Gunhauler|1|
000002434|1|Drekki Flynt|1|
000002434|2|Arkanaut Frigate (the <i>Aelsling</i>)|1|
000002434|3|Arkanaut Company unit with 10 models|1|
000002444|1|Codewright|1|
000002444|2|Grundstok Thunderers unit with 5 models|1|
000002444|3|Grundstok Thunderers unit with 5 models|1|
000002476|1|Akhelian Allopex|2|
000002485|1|Akhelian Thrallmaster|1|
000002485|2|Namarti Reavers with 10 models|1|
000002485|3|Namarti Thralls with 10 models|1|
000002674|1|Edmark Valoran the Manticore Knight |0-1|
000002674|2|Bren Tylis the Renegade Saint|0-1|
000002674|3|Inara Sion the Cleansing Blade|0-1|
000002674|4|Drolf Ironhead the Grizzled Explorer|0-1|
000002674|5|Kelthannor the Forest Prince|0-1|
000002674|6|Jacobus Vyne the Jade Wizard|0-1|
000002674|7|Drasher Vorn the Rampaging Beast|0-1|
000002674|8|This Regiment of Renown is built during army composition. You must include at least 1 of the units opposite in this regiment and can include 1 of each of them. Add together the points values of each unit you include in this regiment to determine its points cost.||
000002674|9|<div class="BreakInsideAvoid" style="" "=""><table border="0" bordercolor="#888" cellpadding="4" cellspacing="0" style="border-collapse:collapse;border-width:0px"><tbody><tr><td><table class=" customTable" border="1" bordercolor="#888" cellpadding="4" style="border-collapse:collapse;border-color:#908249;border-width:0px"><tbody><tr><td style="border-width:0 1px 0 0;border-style:none solid none none;background-color:rgb(141,39,39);color:rgb(254,254,254);border-color:rgb(255,255,255);text-align:center;vertical-align:bottom;width:266px;height:0px;"><b>Unit</b></td><td style="border-width:0 0 0 0;border-style:none none none none;background-color:rgb(141,39,39);color:rgb(254,254,254);vertical-align:bottom;width:1&nbsp;028px;height:0px;"><b>Points</b></td></tr><tr><td style="border-width:0 1px 1px 0;border-style:none solid solid none;border-color:rgb(141,39,39);text-align:center;vertical-align:middle;width:266px;height:0px;"><b>Edmark Valoran, the Manticore Knight</b></td><td style="border-width:0 0 1px 0;border-style:none none solid none;border-color:rgb(141,39,39);text-align:left;vertical-align:middle;width:1&nbsp;028px;height:0px;">+110</td></tr><tr><td style="border-width:0 1px 1px 0;border-style:none solid solid none;border-color:rgb(141,39,39);text-align:center;vertical-align:middle;width:266px;height:0px;"><b>Bren Tylis, the Renegade Saint</b></td><td style="border-width:0 0 1px 0;border-style:none none solid none;border-color:rgb(141,39,39);text-align:left;vertical-align:middle;width:1&nbsp;028px;height:0px;">+120</td></tr><tr><td style="border-width:0 1px 1px 0;border-style:none solid solid none;border-color:rgb(141,39,39);text-align:center;vertical-align:middle;width:266px;height:0px;"><b>Inara Sion, the Cleansing Blade</b></td><td style="border-width:0 0 1px 0;border-style:none none solid none;border-color:rgb(141,39,39);text-align:left;vertical-align:middle;width:1&nbsp;028px;height:0px;">+120</td></tr><tr><td style="border-width:0 1px 1px 0;border-style:none solid solid none;border-color:rgb(141,39,39);text-align:center;vertical-align:middle;width:266px;height:0px;"><b>Drolf Ironhead, the Grizzled Explorer</b></td><td style="border-width:0 0 1px 0;border-style:none none solid none;border-color:rgb(141,39,39);text-align:left;vertical-align:middle;width:1&nbsp;028px;height:0px;">+100</td></tr><tr><td style="border-width:0 1px 1px 0;border-style:none solid solid none;border-color:rgb(141,39,39);text-align:center;vertical-align:middle;width:266px;height:0px;"><b>Kelthannor, the Forest Prince</b></td><td style="border-width:0 0 1px 0;border-style:none none solid none;border-color:rgb(141,39,39);text-align:left;vertical-align:middle;width:1&nbsp;028px;height:0px;">+150</td></tr><tr><td style="border-width:0 1px 1px 0;border-style:none solid solid none;border-color:rgb(141,39,39);text-align:center;vertical-align:middle;width:266px;height:0px;"><b>Jacobus Vyne, the Jade Wizard</b></td><td style="border-width:0 0 1px 0;border-style:none none solid none;border-color:rgb(141,39,39);text-align:left;vertical-align:middle;width:1&nbsp;028px;height:0px;">+130</td></tr><tr><td style="border-width:0 1px 1px 0;border-style:none solid solid none;border-color:rgb(141,39,39);text-align:center;vertical-align:middle;width:266px;height:0px;"><b>Drasher Vorn, the Rampaging Beast</b></td><td style="border-width:0 0 1px 0;border-style:none none solid none;border-color:rgb(141,39,39);text-align:left;vertical-align:middle;width:1&nbsp;028px;height:0px;">+150</td></tr></tbody></table></td></tr></tbody></table></div>||
000002924|1|Nurglings unit with 3 models||
000002924|2|Nurglings unit with 3 models||
000002983|1|Mask of the Deceiver|1|
000003033|1|Scinari Calligrave|1|
000003033|2|Sanctum of Amyntok|1|
000003033|3|Hyshian Twinstones|1|
000003033|4|Rune of Petrification|1|
000003033|5|<b>Designer’s Note:</b> <i>Including this Regiment of Renown in your army does not stop you from being able to pick a manifestation lore for your army</i>||
000003041|1|Vanari Lord Regent on Lightcourser|1|
000003041|2|Vanari Dawnriders|5|
000003075|1|Mortisan Ossifector|1|
000003075|2|Mortek Guard|10|
000003075|3|Mortek Guard|10|
000003075|4|Gothizzar Harvester|1|
000003123|1|Arch-Revenant|1|
000003123|2|Gossamid Archers unit with 5 models|1|
000003158|1|Khinerai Heartrenders unit with 5 models|1|
000003158|2|Khinerai Lifetakers unit with 5 models|1|
000003167|1|High Gladiatrix|1|
000003167|2|Sisters of Slaughter unit with 10 models|1|
000002004|1|Rabble-Rowza|1|
000002004|2|Gobbapalooza|1|
000002004|3|Squig Herd unit with 12 models|1|
000002004|4|Squig Hoppers unit with 10 models|1|
000002031|1|Loonboss|1|
000002031|2|Dankhold Troggoth|1|
000002291|1|Snarlboss|1|
000002291|2|Wolfgit Retinue unit with 2 models|1|
000002291|3|Snarlpack Cavalry unit with 3 models|1|
000002291|4|Snarlpack Cavalry unit with 3 models|1|
000002291|5|Sunsteala Wheelas unit with 2 models|1|
000002297|1|Loonboss|1|
000002297|2|Moonclan Stabbas unit with 20 models|1|
000002297|3|Loonsmasha Fanatics unit with 5 models|1|
000002302|1|Swampboss Skumdrekk|1|
000002302|2|Hobgrot Slittaz units with 10 models|2|
000002303|1|Beast-skewer Killbow|1|
000002303|2|Man-skewer Boltboyz unit with 3 models|1|
000002303|3|Man-skewer Boltboyz unit with 3 models|1|
000002303|4|The Beast-skewer Killbow in this Regiment of Renown has the <span class="kwb">HERO</span> keyword.||
000002304|1|Tuskboss on Maw-grunta|1|
000002304|2|Maw-grunta Gougers|1|
000002305|1|Kraken-eater Mega-Gargant|1|
000002313|1|Mancrusher Gargant|1|
000002319|1|Ogroid Myrmidon|1|
000002319|2|Ogroid Thaumaturge|1|
000002319|3|Ogroid Theridons|3|
000002322|1|Gatebreaker Mega-Gargant|1|
000002323|1|Beast-smasher Mega-Gargant|1|
000002326|1|Warstomper Mega-Gargant|1|
000002414|1|Endrinmaster with Dirigible Suit|1|
000002414|2|Skywardens|3|
000002414|3|Grundstok Gunhauler|1|
000002925|1|Nurglings unit with 3 models||
000002925|2|Nurglings unit with 3 models||
000002984|1|Mask of the Deceiver|1|
000003076|1|Mortisan Ossifector|1|
000003076|2|Mortek Guard|10|
000003076|3|Mortek Guard|10|
000003076|4|Gothizzar Harvester|1|
000002628|1|Ashen Elder|1|
000002628|2|Dominator Engine with Bane Maces|1|
000002636|1|Daemonsmith|1|
000002636|2|Tormentor Bombard|1|
000002636|3|Deathshrieker Rocket Battery|1|
000002650|1|Singri Brand|1|
000002650|2|Gunnar Brand|1|
000002650|3|The Oathsworn Kin|1|
000002651|1|<b>Skarbrand</b>|1|
000002652|1|Fomoroid Crusher|1|
000002652|2|Ogroid Myrmidon|1|
000002652|3|Mindstealer Sphiranx|1|
000002653|1|Chaos Lord on Daemonic Mount|1|
000002653|2|Chaos Knights unit with 5 models.|1|
000002653|3|Chaos Warriors unit with 10 models.|1|
000002655|1|Slaughterpriest|1|
000002655|2|Bloodreavers|10|
000002655|3|Skullreapers|5|
000002696|1|Warstomper Mega-Gargant|1|
000002699|1|Mancrusher Gargant|1|
000002915|1|Harbinger of Decay|1|
000002915|2|Putrid Blightkings unit with 5 models|1|
000002915|3|Pusgoyle Blightlords unit with 2 models|1|
000002926|1|Nurglings unit with 3 models||
000002926|2|Nurglings unit with 3 models||
000002940|1|Spoilpox Scrivener, Herald of Nurgle|1|
000002940|2|Plaguebearers with 10 models|1|
000002940|3|Feculent Gnarlmaw|1|
000002947|1|Sloppity Bilepiper, Herald of Nurgle|1|
000002947|2|Beast of Nurgle|2|
000002986|1|Mask of the Deceiver|1|
000003005|1|Gaunt Summoner on Disc of Tzeentch|1|
000003005|2|Magister on Disc of Tzeentch|1|
000003005|3|Screamers of Tzeentch|3|
000003083|1|Mortisan Ossifector|1|
000003083|2|Mortek Guard|10|
000003083|3|Mortek Guard|10|
000003083|4|Gothizzar Harvester|1|
000001587|1|Fomoroid Crusher|1|
000001587|2|Ogroid Myrmidon|1|
000001587|3|Mindstealer Sphiranx|1|
000001757|1|Singri Brand|1|
000001757|2|Gunnar Brand|1|
000001757|3|The Oathsworn Kin|1|
000001971|1|Warstomper Mega-Gargant|1|
000002011|1|Chaos Lord on Daemonic Mount|1|
000002011|2|Chaos Knights unit with 5 models.|1|
000002011|3|Chaos Warriors unit with 10 models.|1|
000002017|1|Daemon Prince|1|
000002083|1|Krittok Foulblade|1|
000002083|2|Stormvermin unit with 10 models|1|
000002083|3|Doom-Flayers unit with 2 models|1|
000002083|4|Each unit in this Regiment of Renown has the <span class="kwb">KRITTOK’S</span> <span class="kwb">CLAWPACK</span> keyword.||
000002163|1|Mancrusher Gargant|1|
000002210|1|Warlock Galvaneer|1|
000002210|2|Warpvolt Scourgers unit with 3 models|1|
000002210|3|Ratling Warpblaster|1|
000002210|4|Each unit in this Regiment of Renown has the <span class="kwb">VOLT-KLAW’S</span> <span class="kwb">ENGINECOVEN</span> keyword.||
000002271|1|Loonboss|1|
000002271|2|Dankhold Troggoth|1|
000002456|1|<b>Skarbrand</b>|1|
000002463|1|Slaughterpriest|1|
000002463|2|Bloodreavers|10|
000002463|3|Skullreapers|5|
000002562|1|Varghulf Courtier|1|
000002562|2|Morbheg Knights|3|
000002631|1|Ashen Elder|1|
000002631|2|Dominator Engine with Bane Maces|1|
000002639|1|Daemonsmith|1|
000002639|2|Tormentor Bombard|1|
000002639|3|Deathshrieker Rocket Battery|1|
000002914|1|Harbinger of Decay|1|
000002914|2|Putrid Blightkings unit with 5 models|1|
000002914|3|Pusgoyle Blightlords unit with 2 models|1|
000002939|1|Spoilpox Scrivener, Herald of Nurgle|1|
000002939|2|Plaguebearers with 10 models|1|
000002939|3|Feculent Gnarlmaw|1|
000002946|1|Sloppity Bilepiper, Herald of Nurgle|1|
000002946|2|Beast of Nurgle|2|
000002972|1|Magister|1|
000002972|2|Pink Horrors with 10 models|1|
000002972|3|Burning Sigil of Tzeentch|1|
000002972|4|Tome of Eyes|1|
000002972|5|Daemonic Simulacrum|1|
000002985|1|Mask of the Deceiver|1|
000003004|1|Gaunt Summoner on Disc of Tzeentch|1|
000003004|2|Magister on Disc of Tzeentch|1|
000003004|3|Screamers of Tzeentch|3|
000002473|1|Akhelian Allopex|2|
000002482|1|Akhelian Thrallmaster|1|
000002482|2|Namarti Reavers with 10 models|1|
000002482|3|Namarti Thralls with 10 models|1|
000002491|1|Drekki Flynt|1|
000002491|2|Arkanaut Frigate (the <i>Aelsling</i>)|1|
000002491|3|Arkanaut Company unit with 10 models|1|
000002497|1|Kraken-eater Mega-Gargant|1|
000002501|1|Grimhold Exile|1|
000002501|2|Auric Hearthguard unit with 5 models|1|
000002501|3|Hearthguard Berzerkers with Flamestrike Poleaxes unit with 5 models|1|
000002501|4|Vulkite Berzerkers with Fyresteel Weapons unit with 10 models|1|
000002504|1|Gotrek Gurnisson|1|
000002510|1|Runelord|1|
000002510|2|Irondrakes unit with 10 models|1|
000002510|3|Longbeards unit with 10 models|1|
000002515|1|Callis and Toll|1|
000002515|2|Toll’s Companions|1|
000002518|1|Codewright|1|
000002518|2|Grundstok Thunderers unit with 5 models|1|
000002518|3|Grundstok Thunderers unit with 5 models|1|
000002520|1|Loonboss|1|
000002520|2|Dankhold Troggoth|1|
000002524|1|Mancrusher Gargant|1|
000002527|1|Neave Blacktalon|1|
000002527|2|Lorai, Child of the Abyss|1|
000002527|3|Neave’s Companions|1|
000002529|1|Lord-Aquilor.|1|
000002529|2|Vanguard-Hunters.|1|
000002529|3|Vanguard-Palladors with Starstrike Javelins unit with 3 models.|1|
000002536|1|Knight-Draconis|1|
000002536|2|Stormdrake Guard (1 model)|1|
000002675|1|Edmark Valoran the Manticore Knight |0-1|
000002675|2|Bren Tylis the Renegade Saint|0-1|
000002675|3|Inara Sion the Cleansing Blade|0-1|
000002675|4|Drolf Ironhead the Grizzled Explorer|0-1|
000002675|5|Kelthannor the Forest Prince|0-1|
000002675|6|Jacobus Vyne the Jade Wizard|0-1|
000002675|7|Drasher Vorn the Rampaging Beast|0-1|
000002675|8|This Regiment of Renown is built during army composition. You must include at least 1 of the units opposite in this regiment and can include 1 of each of them. Add together the points values of each unit you include in this regiment to determine its points cost.||
000002675|9|<div class="BreakInsideAvoid" style="" "=""><table border="0" bordercolor="#888" cellpadding="4" cellspacing="0" style="border-collapse:collapse;border-width:0px"><tbody><tr><td><table class=" customTable" border="1" bordercolor="#888" cellpadding="4" style="border-collapse:collapse;border-color:#908249;border-width:0px"><tbody><tr><td style="border-width:0 1px 0 0;border-style:none solid none none;background-color:rgb(141,39,39);color:rgb(254,254,254);border-color:rgb(255,255,255);text-align:center;vertical-align:bottom;width:266px;height:0px;"><b>Unit</b></td><td style="border-width:0 0 0 0;border-style:none none none none;background-color:rgb(141,39,39);color:rgb(254,254,254);vertical-align:bottom;width:1&nbsp;028px;height:0px;"><b>Points</b></td></tr><tr><td style="border-width:0 1px 1px 0;border-style:none solid solid none;border-color:rgb(141,39,39);text-align:center;vertical-align:middle;width:266px;height:0px;"><b>Edmark Valoran, the Manticore Knight</b></td><td style="border-width:0 0 1px 0;border-style:none none solid none;border-color:rgb(141,39,39);text-align:left;vertical-align:middle;width:1&nbsp;028px;height:0px;">+110</td></tr><tr><td style="border-width:0 1px 1px 0;border-style:none solid solid none;border-color:rgb(141,39,39);text-align:center;vertical-align:middle;width:266px;height:0px;"><b>Bren Tylis, the Renegade Saint</b></td><td style="border-width:0 0 1px 0;border-style:none none solid none;border-color:rgb(141,39,39);text-align:left;vertical-align:middle;width:1&nbsp;028px;height:0px;">+120</td></tr><tr><td style="border-width:0 1px 1px 0;border-style:none solid solid none;border-color:rgb(141,39,39);text-align:center;vertical-align:middle;width:266px;height:0px;"><b>Inara Sion, the Cleansing Blade</b></td><td style="border-width:0 0 1px 0;border-style:none none solid none;border-color:rgb(141,39,39);text-align:left;vertical-align:middle;width:1&nbsp;028px;height:0px;">+120</td></tr><tr><td style="border-width:0 1px 1px 0;border-style:none solid solid none;border-color:rgb(141,39,39);text-align:center;vertical-align:middle;width:266px;height:0px;"><b>Drolf Ironhead, the Grizzled Explorer</b></td><td style="border-width:0 0 1px 0;border-style:none none solid none;border-color:rgb(141,39,39);text-align:left;vertical-align:middle;width:1&nbsp;028px;height:0px;">+100</td></tr><tr><td style="border-width:0 1px 1px 0;border-style:none solid solid none;border-color:rgb(141,39,39);text-align:center;vertical-align:middle;width:266px;height:0px;"><b>Kelthannor, the Forest Prince</b></td><td style="border-width:0 0 1px 0;border-style:none none solid none;border-color:rgb(141,39,39);text-align:left;vertical-align:middle;width:1&nbsp;028px;height:0px;">+150</td></tr><tr><td style="border-width:0 1px 1px 0;border-style:none solid solid none;border-color:rgb(141,39,39);text-align:center;vertical-align:middle;width:266px;height:0px;"><b>Jacobus Vyne, the Jade Wizard</b></td><td style="border-width:0 0 1px 0;border-style:none none solid none;border-color:rgb(141,39,39);text-align:left;vertical-align:middle;width:1&nbsp;028px;height:0px;">+130</td></tr><tr><td style="border-width:0 1px 1px 0;border-style:none solid solid none;border-color:rgb(141,39,39);text-align:center;vertical-align:middle;width:266px;height:0px;"><b>Drasher Vorn, the Rampaging Beast</b></td><td style="border-width:0 0 1px 0;border-style:none none solid none;border-color:rgb(141,39,39);text-align:left;vertical-align:middle;width:1&nbsp;028px;height:0px;">+150</td></tr></tbody></table></td></tr></tbody></table></div>||
000002987|1|Mask of the Deceiver|1|
000003034|1|Scinari Calligrave|1|
000003034|2|Sanctum of Amyntok|1|
000003034|3|Hyshian Twinstones|1|
000003034|4|Rune of Petrification|1|
000003034|5|<b>Designer’s Note:</b> <i>Including this Regiment of Renown in your army does not stop you from being able to pick a manifestation lore for your army</i>||
000003042|1|Vanari Lord Regent on Lightcourser|1|
000003042|2|Vanari Dawnriders|5|
000003124|1|Arch-Revenant|1|
000003124|2|Gossamid Archers unit with 5 models|1|
000003130|1|Treelord|1|
000003130|2|Spite-Revenants|5|
000003130|3|Spite-Revenants|5|
000003142|1|Branchwych|1|
000003142|2|The Twistweald unit with 8 models|1|
000003149|1|Drycha Hamadreth||
000003149|2|Spite-Revenants with 5 models|2|
000003159|1|Khinerai Heartrenders unit with 5 models|1|
000003159|2|Khinerai Lifetakers unit with 5 models|1|
000003168|1|High Gladiatrix|1|
000003168|2|Sisters of Slaughter unit with 10 models|1|
000002240|1|Tuskboss on Maw-grunta|1|
000002240|2|Maw-grunta Gougers|1|
000002246|1|Beast-skewer Killbow|1|
000002246|2|Man-skewer Boltboyz unit with 3 models|1|
000002246|3|Man-skewer Boltboyz unit with 3 models|1|
000002246|4|The Beast-skewer Killbow in this Regiment of Renown has the <span class="kwb">HERO</span> keyword.||
000002250|1|Swampboss Skumdrekk|1|
000002250|2|Hobgrot Slittaz units with 10 models|2|
000002254|1|Gatebreaker Mega-Gargant|1|
000002261|1|Rabble-Rowza|1|
000002261|2|Gobbapalooza|1|
000002261|3|Squig Herd unit with 12 models|1|
000002261|4|Squig Hoppers unit with 10 models|1|
000002273|1|Loonboss|1|
000002273|2|Dankhold Troggoth|1|
000002292|1|Snarlboss|1|
000002292|2|Wolfgit Retinue unit with 2 models|1|
000002292|3|Snarlpack Cavalry unit with 3 models|1|
000002292|4|Snarlpack Cavalry unit with 3 models|1|
000002292|5|Sunsteala Wheelas unit with 2 models|1|
000002298|1|Loonboss|1|
000002298|2|Moonclan Stabbas unit with 20 models|1|
000002298|3|Loonsmasha Fanatics unit with 5 models|1|
000002306|1|Kraken-eater Mega-Gargant|1|
000002314|1|Mancrusher Gargant|1|
000002320|1|Ogroid Myrmidon|1|
000002320|2|Ogroid Thaumaturge|1|
000002320|3|Ogroid Theridons|3|
000002324|1|Beast-smasher Mega-Gargant|1|
000002327|1|Warstomper Mega-Gargant|1|
000002415|1|Endrinmaster with Dirigible Suit|1|
000002415|2|Skywardens|3|
000002415|3|Grundstok Gunhauler|1|
000002572|1|Grand Justice Gormayne|1|
000002572|2|Royal Decapitator|1|
000002572|3|Cryptguard|10|
000002927|1|Nurglings unit with 3 models||
000002927|2|Nurglings unit with 3 models||
000002988|1|Mask of the Deceiver|1|
000001855|1|Beast-skewer Killbow|1|
000001855|2|Man-skewer Boltboyz unit with 3 models|1|
000001855|3|Man-skewer Boltboyz unit with 3 models|1|
000001855|4|The Beast-skewer Killbow in this Regiment of Renown has the <span class="kwb">HERO</span> keyword.||
000002243|1|Tuskboss on Maw-grunta|1|
000002243|2|Maw-grunta Gougers|1|
000002247|1|Swampboss Skumdrekk|1|
000002247|2|Hobgrot Slittaz units with 10 models|2|
000002255|1|Gatebreaker Mega-Gargant|1|
000002262|1|Rabble-Rowza|1|
000002262|2|Gobbapalooza|1|
000002262|3|Squig Herd unit with 12 models|1|
000002262|4|Squig Hoppers unit with 10 models|1|
000002274|1|Loonboss|1|
000002274|2|Dankhold Troggoth|1|
000002293|1|Snarlboss|1|
000002293|2|Wolfgit Retinue unit with 2 models|1|
000002293|3|Snarlpack Cavalry unit with 3 models|1|
000002293|4|Snarlpack Cavalry unit with 3 models|1|
000002293|5|Sunsteala Wheelas unit with 2 models|1|
000002299|1|Loonboss|1|
000002299|2|Moonclan Stabbas unit with 20 models|1|
000002299|3|Loonsmasha Fanatics unit with 5 models|1|
000002307|1|Kraken-eater Mega-Gargant|1|
000002315|1|Mancrusher Gargant|1|
000002321|1|Ogroid Myrmidon|1|
000002321|2|Ogroid Thaumaturge|1|
000002321|3|Ogroid Theridons|3|
000002325|1|Beast-smasher Mega-Gargant|1|
000002328|1|Warstomper Mega-Gargant|1|
000002416|1|Endrinmaster with Dirigible Suit|1|
000002416|2|Skywardens|3|
000002416|3|Grundstok Gunhauler|1|
000002574|1|Grand Justice Gormayne|1|
000002574|2|Royal Decapitator|1|
000002574|3|Cryptguard|10|
000002929|1|Nurglings unit with 3 models||
000002929|2|Nurglings unit with 3 models||
000002990|1|Mask of the Deceiver|1|
000003078|1|Mortisan Ossifector|1|
000003078|2|Mortek Guard|10|
000003078|3|Mortek Guard|10|
000003078|4|Gothizzar Harvester|1|
000002026|1|Endrinmaster with Dirigible Suit|1|
000002026|2|Skywardens|3|
000002026|3|Grundstok Gunhauler|1|
000002431|1|Drekki Flynt|1|
000002431|2|Arkanaut Frigate (the <i>Aelsling</i>)|1|
000002431|3|Arkanaut Company unit with 10 models|1|
000002441|1|Codewright|1|
000002441|2|Grundstok Thunderers unit with 5 models|1|
000002441|3|Grundstok Thunderers unit with 5 models|1|
000002477|1|Akhelian Allopex|2|
000002486|1|Akhelian Thrallmaster|1|
000002486|2|Namarti Reavers with 10 models|1|
000002486|3|Namarti Thralls with 10 models|1|
000002498|1|Kraken-eater Mega-Gargant|1|
000002502|1|Grimhold Exile|1|
000002502|2|Auric Hearthguard unit with 5 models|1|
000002502|3|Hearthguard Berzerkers with Flamestrike Poleaxes unit with 5 models|1|
000002502|4|Vulkite Berzerkers with Fyresteel Weapons unit with 10 models|1|
000002505|1|Gotrek Gurnisson|1|
000002511|1|Runelord|1|
000002511|2|Irondrakes unit with 10 models|1|
000002511|3|Longbeards unit with 10 models|1|
000002516|1|Callis and Toll|1|
000002516|2|Toll’s Companions|1|
000002525|1|Mancrusher Gargant|1|
000002528|1|Neave Blacktalon|1|
000002528|2|Lorai, Child of the Abyss|1|
000002528|3|Neave’s Companions|1|
000002530|1|Lord-Aquilor.|1|
000002530|2|Vanguard-Hunters.|1|
000002530|3|Vanguard-Palladors with Starstrike Javelins unit with 3 models.|1|
000002537|1|Knight-Draconis|1|
000002537|2|Stormdrake Guard (1 model)|1|
000002573|1|Grand Justice Gormayne|1|
000002573|2|Royal Decapitator|1|
000002573|3|Cryptguard|10|
000002676|1|Edmark Valoran the Manticore Knight |0-1|
000002676|2|Bren Tylis the Renegade Saint|0-1|
000002676|3|Inara Sion the Cleansing Blade|0-1|
000002676|4|Drolf Ironhead the Grizzled Explorer|0-1|
000002676|5|Kelthannor the Forest Prince|0-1|
000002676|6|Jacobus Vyne the Jade Wizard|0-1|
000002676|7|Drasher Vorn the Rampaging Beast|0-1|
000002676|8|This Regiment of Renown is built during army composition. You must include at least 1 of the units opposite in this regiment and can include 1 of each of them. Add together the points values of each unit you include in this regiment to determine its points cost.||
000002676|9|<div class="BreakInsideAvoid" style="" "=""><table border="0" bordercolor="#888" cellpadding="4" cellspacing="0" style="border-collapse:collapse;border-width:0px"><tbody><tr><td><table class=" customTable" border="1" bordercolor="#888" cellpadding="4" style="border-collapse:collapse;border-color:#908249;border-width:0px"><tbody><tr><td style="border-width:0 1px 0 0;border-style:none solid none none;background-color:rgb(141,39,39);color:rgb(254,254,254);border-color:rgb(255,255,255);text-align:center;vertical-align:bottom;width:266px;height:0px;"><b>Unit</b></td><td style="border-width:0 0 0 0;border-style:none none none none;background-color:rgb(141,39,39);color:rgb(254,254,254);vertical-align:bottom;width:1&nbsp;028px;height:0px;"><b>Points</b></td></tr><tr><td style="border-width:0 1px 1px 0;border-style:none solid solid none;border-color:rgb(141,39,39);text-align:center;vertical-align:middle;width:266px;height:0px;"><b>Edmark Valoran, the Manticore Knight</b></td><td style="border-width:0 0 1px 0;border-style:none none solid none;border-color:rgb(141,39,39);text-align:left;vertical-align:middle;width:1&nbsp;028px;height:0px;">+110</td></tr><tr><td style="border-width:0 1px 1px 0;border-style:none solid solid none;border-color:rgb(141,39,39);text-align:center;vertical-align:middle;width:266px;height:0px;"><b>Bren Tylis, the Renegade Saint</b></td><td style="border-width:0 0 1px 0;border-style:none none solid none;border-color:rgb(141,39,39);text-align:left;vertical-align:middle;width:1&nbsp;028px;height:0px;">+120</td></tr><tr><td style="border-width:0 1px 1px 0;border-style:none solid solid none;border-color:rgb(141,39,39);text-align:center;vertical-align:middle;width:266px;height:0px;"><b>Inara Sion, the Cleansing Blade</b></td><td style="border-width:0 0 1px 0;border-style:none none solid none;border-color:rgb(141,39,39);text-align:left;vertical-align:middle;width:1&nbsp;028px;height:0px;">+120</td></tr><tr><td style="border-width:0 1px 1px 0;border-style:none solid solid none;border-color:rgb(141,39,39);text-align:center;vertical-align:middle;width:266px;height:0px;"><b>Drolf Ironhead, the Grizzled Explorer</b></td><td style="border-width:0 0 1px 0;border-style:none none solid none;border-color:rgb(141,39,39);text-align:left;vertical-align:middle;width:1&nbsp;028px;height:0px;">+100</td></tr><tr><td style="border-width:0 1px 1px 0;border-style:none solid solid none;border-color:rgb(141,39,39);text-align:center;vertical-align:middle;width:266px;height:0px;"><b>Kelthannor, the Forest Prince</b></td><td style="border-width:0 0 1px 0;border-style:none none solid none;border-color:rgb(141,39,39);text-align:left;vertical-align:middle;width:1&nbsp;028px;height:0px;">+150</td></tr><tr><td style="border-width:0 1px 1px 0;border-style:none solid solid none;border-color:rgb(141,39,39);text-align:center;vertical-align:middle;width:266px;height:0px;"><b>Jacobus Vyne, the Jade Wizard</b></td><td style="border-width:0 0 1px 0;border-style:none none solid none;border-color:rgb(141,39,39);text-align:left;vertical-align:middle;width:1&nbsp;028px;height:0px;">+130</td></tr><tr><td style="border-width:0 1px 1px 0;border-style:none solid solid none;border-color:rgb(141,39,39);text-align:center;vertical-align:middle;width:266px;height:0px;"><b>Drasher Vorn, the Rampaging Beast</b></td><td style="border-width:0 0 1px 0;border-style:none none solid none;border-color:rgb(141,39,39);text-align:left;vertical-align:middle;width:1&nbsp;028px;height:0px;">+150</td></tr></tbody></table></td></tr></tbody></table></div>||
000002928|1|Nurglings unit with 3 models||
000002928|2|Nurglings unit with 3 models||
000002989|1|Mask of the Deceiver|1|
000003035|1|Scinari Calligrave|1|
000003035|2|Sanctum of Amyntok|1|
000003035|3|Hyshian Twinstones|1|
000003035|4|Rune of Petrification|1|
000003035|5|<b>Designer’s Note:</b> <i>Including this Regiment of Renown in your army does not stop you from being able to pick a manifestation lore for your army</i>||
000003043|1|Vanari Lord Regent on Lightcourser|1|
000003043|2|Vanari Dawnriders|5|
000003077|1|Mortisan Ossifector|1|
000003077|2|Mortek Guard|10|
000003077|3|Mortek Guard|10|
000003077|4|Gothizzar Harvester|1|
000003125|1|Arch-Revenant|1|
000003125|2|Gossamid Archers unit with 5 models|1|
000003160|1|Khinerai Heartrenders unit with 5 models|1|
000003160|2|Khinerai Lifetakers unit with 5 models|1|
000003169|1|High Gladiatrix|1|
000003169|2|Sisters of Slaughter unit with 10 models|1|
000000847|1|Vanari Lord Regent on Lightcourser|1|
000000847|2|Vanari Dawnriders|5|
000003030|1|Scinari Calligrave|1|
000003030|2|Sanctum of Amyntok|1|
000003030|3|Hyshian Twinstones|1|
000003030|4|Rune of Petrification|1|
000003030|5|<b>Designer’s Note:</b> <i>Including this Regiment of Renown in your army does not stop you from being able to pick a manifestation lore for your army</i>||
000003047|1|Mask of the Deceiver|1|
000003048|1|Akhelian Allopex|2|
000003049|1|Kraken-eater Mega-Gargant|1|
000003050|1|Drekki Flynt|1|
000003050|2|Arkanaut Frigate (the <i>Aelsling</i>)|1|
000003050|3|Arkanaut Company unit with 10 models|1|
000003052|1|Endrinmaster with Dirigible Suit|1|
000003052|2|Skywardens|3|
000003052|3|Grundstok Gunhauler|1|
000003053|1|Grimhold Exile|1|
000003053|2|Auric Hearthguard unit with 5 models|1|
000003053|3|Hearthguard Berzerkers with Flamestrike Poleaxes unit with 5 models|1|
000003053|4|Vulkite Berzerkers with Fyresteel Weapons unit with 10 models|1|
000003054|1|Gotrek Gurnisson|1|
000003055|1|Edmark Valoran the Manticore Knight |0-1|
000003055|2|Bren Tylis the Renegade Saint|0-1|
000003055|3|Inara Sion the Cleansing Blade|0-1|
000003055|4|Drolf Ironhead the Grizzled Explorer|0-1|
000003055|5|Kelthannor the Forest Prince|0-1|
000003055|6|Jacobus Vyne the Jade Wizard|0-1|
000003055|7|Drasher Vorn the Rampaging Beast|0-1|
000003055|8|This Regiment of Renown is built during army composition. You must include at least 1 of the units opposite in this regiment and can include 1 of each of them. Add together the points values of each unit you include in this regiment to determine its points cost.||
000003055|9|<div class="BreakInsideAvoid" style="" "=""><table border="0" bordercolor="#888" cellpadding="4" cellspacing="0" style="border-collapse:collapse;border-width:0px"><tbody><tr><td><table class=" customTable" border="1" bordercolor="#888" cellpadding="4" style="border-collapse:collapse;border-color:#908249;border-width:0px"><tbody><tr><td style="border-width:0 1px 0 0;border-style:none solid none none;background-color:rgb(141,39,39);color:rgb(254,254,254);border-color:rgb(255,255,255);text-align:center;vertical-align:bottom;width:266px;height:0px;"><b>Unit</b></td><td style="border-width:0 0 0 0;border-style:none none none none;background-color:rgb(141,39,39);color:rgb(254,254,254);vertical-align:bottom;width:1&nbsp;028px;height:0px;"><b>Points</b></td></tr><tr><td style="border-width:0 1px 1px 0;border-style:none solid solid none;border-color:rgb(141,39,39);text-align:center;vertical-align:middle;width:266px;height:0px;"><b>Edmark Valoran, the Manticore Knight</b></td><td style="border-width:0 0 1px 0;border-style:none none solid none;border-color:rgb(141,39,39);text-align:left;vertical-align:middle;width:1&nbsp;028px;height:0px;">+110</td></tr><tr><td style="border-width:0 1px 1px 0;border-style:none solid solid none;border-color:rgb(141,39,39);text-align:center;vertical-align:middle;width:266px;height:0px;"><b>Bren Tylis, the Renegade Saint</b></td><td style="border-width:0 0 1px 0;border-style:none none solid none;border-color:rgb(141,39,39);text-align:left;vertical-align:middle;width:1&nbsp;028px;height:0px;">+120</td></tr><tr><td style="border-width:0 1px 1px 0;border-style:none solid solid none;border-color:rgb(141,39,39);text-align:center;vertical-align:middle;width:266px;height:0px;"><b>Inara Sion, the Cleansing Blade</b></td><td style="border-width:0 0 1px 0;border-style:none none solid none;border-color:rgb(141,39,39);text-align:left;vertical-align:middle;width:1&nbsp;028px;height:0px;">+120</td></tr><tr><td style="border-width:0 1px 1px 0;border-style:none solid solid none;border-color:rgb(141,39,39);text-align:center;vertical-align:middle;width:266px;height:0px;"><b>Drolf Ironhead, the Grizzled Explorer</b></td><td style="border-width:0 0 1px 0;border-style:none none solid none;border-color:rgb(141,39,39);text-align:left;vertical-align:middle;width:1&nbsp;028px;height:0px;">+100</td></tr><tr><td style="border-width:0 1px 1px 0;border-style:none solid solid none;border-color:rgb(141,39,39);text-align:center;vertical-align:middle;width:266px;height:0px;"><b>Kelthannor, the Forest Prince</b></td><td style="border-width:0 0 1px 0;border-style:none none solid none;border-color:rgb(141,39,39);text-align:left;vertical-align:middle;width:1&nbsp;028px;height:0px;">+150</td></tr><tr><td style="border-width:0 1px 1px 0;border-style:none solid solid none;border-color:rgb(141,39,39);text-align:center;vertical-align:middle;width:266px;height:0px;"><b>Jacobus Vyne, the Jade Wizard</b></td><td style="border-width:0 0 1px 0;border-style:none none solid none;border-color:rgb(141,39,39);text-align:left;vertical-align:middle;width:1&nbsp;028px;height:0px;">+130</td></tr><tr><td style="border-width:0 1px 1px 0;border-style:none solid solid none;border-color:rgb(141,39,39);text-align:center;vertical-align:middle;width:266px;height:0px;"><b>Drasher Vorn, the Rampaging Beast</b></td><td style="border-width:0 0 1px 0;border-style:none none solid none;border-color:rgb(141,39,39);text-align:left;vertical-align:middle;width:1&nbsp;028px;height:0px;">+150</td></tr></tbody></table></td></tr></tbody></table></div>||
000003056|1|Akhelian Thrallmaster|1|
000003056|2|Namarti Reavers with 10 models|1|
000003056|3|Namarti Thralls with 10 models|1|
000003057|1|Runelord|1|
000003057|2|Irondrakes unit with 10 models|1|
000003057|3|Longbeards unit with 10 models|1|
000003058|1|Nurglings unit with 3 models||
000003058|2|Nurglings unit with 3 models||
000003059|1|Callis and Toll|1|
000003059|2|Toll’s Companions|1|
000003060|1|Codewright|1|
000003060|2|Grundstok Thunderers unit with 5 models|1|
000003060|3|Grundstok Thunderers unit with 5 models|1|
000003061|1|Loonboss|1|
000003061|2|Dankhold Troggoth|1|
000003062|1|Mancrusher Gargant|1|
000003063|1|Neave Blacktalon|1|
000003063|2|Lorai, Child of the Abyss|1|
000003063|3|Neave’s Companions|1|
000003064|1|Lord-Aquilor.|1|
000003064|2|Vanguard-Hunters.|1|
000003064|3|Vanguard-Palladors with Starstrike Javelins unit with 3 models.|1|
000003065|1|Knight-Draconis|1|
000003065|2|Stormdrake Guard (1 model)|1|
000003126|1|Arch-Revenant|1|
000003126|2|Gossamid Archers unit with 5 models|1|
000003143|1|Branchwych|1|
000003143|2|The Twistweald unit with 8 models|1|
000003150|1|Drycha Hamadreth||
000003150|2|Spite-Revenants with 5 models|2|
000003161|1|Khinerai Heartrenders unit with 5 models|1|
000003161|2|Khinerai Lifetakers unit with 5 models|1|
000003170|1|High Gladiatrix|1|
000003170|2|Sisters of Slaughter unit with 10 models|1|
000001905|1|Harbinger of Decay|1|
000001905|2|Putrid Blightkings unit with 5 models|1|
000001905|3|Pusgoyle Blightlords unit with 2 models|1|
000002029|1|Nurglings unit with 3 models||
000002029|2|Nurglings unit with 3 models||
000002735|1|Spoilpox Scrivener, Herald of Nurgle|1|
000002735|2|Plaguebearers with 10 models|1|
000002735|3|Feculent Gnarlmaw|1|
000002743|1|Sloppity Bilepiper, Herald of Nurgle|1|
000002743|2|Beast of Nurgle|2|
000002951|1|Chaos Lord on Daemonic Mount|1|
000002951|2|Chaos Knights unit with 5 models.|1|
000002951|3|Chaos Warriors unit with 10 models.|1|
000002952|1|Singri Brand|1|
000002952|2|Gunnar Brand|1|
000002952|3|The Oathsworn Kin|1|
000002953|1|Daemon Prince|1|
000002954|1|Fomoroid Crusher|1|
000002954|2|Ogroid Myrmidon|1|
000002954|3|Mindstealer Sphiranx|1|
000002955|1|Krittok Foulblade|1|
000002955|2|Stormvermin unit with 10 models|1|
000002955|3|Doom-Flayers unit with 2 models|1|
000002955|4|Each unit in this Regiment of Renown has the <span class="kwb">KRITTOK’S</span> <span class="kwb">CLAWPACK</span> keyword.||
000002956|1|Warstomper Mega-Gargant|1|
000002957|1|Ashen Elder|1|
000002957|2|Dominator Engine with Bane Maces|1|
000002958|1|Loonboss|1|
000002958|2|Dankhold Troggoth|1|
000002959|1|Varghulf Courtier|1|
000002959|2|Morbheg Knights|3|
000002960|1|Mancrusher Gargant|1|
000002962|1|Daemonsmith|1|
000002962|2|Tormentor Bombard|1|
000002962|3|Deathshrieker Rocket Battery|1|
000002963|1|<b>Skarbrand</b>|1|
000002964|1|Slaughterpriest|1|
000002964|2|Bloodreavers|10|
000002964|3|Skullreapers|5|
000002965|1|Warlock Galvaneer|1|
000002965|2|Warpvolt Scourgers unit with 3 models|1|
000002965|3|Ratling Warpblaster|1|
000002965|4|Each unit in this Regiment of Renown has the <span class="kwb">VOLT-KLAW’S</span> <span class="kwb">ENGINECOVEN</span> keyword.||
000002973|1|Magister|1|
000002973|2|Pink Horrors with 10 models|1|
000002973|3|Burning Sigil of Tzeentch|1|
000002973|4|Tome of Eyes|1|
000002973|5|Daemonic Simulacrum|1|
000002993|1|Mask of the Deceiver|1|
000003007|1|Gaunt Summoner on Disc of Tzeentch|1|
000003007|2|Magister on Disc of Tzeentch|1|
000003007|3|Screamers of Tzeentch|3|
000001073|1|Lady Olynder, Mortarch of Grief||
000001073|2|Dreadscythe Harridans unit with 10 models|1|
000001073|3|Myrmourn Banshees unit with 4 models|1|
000001073|4|Myrmourn Banshees unit with 4 models|1|
000002545|1|Scriptor Mortis|1|
000002545|2|Craventhrone Guard|5|
000002545|3|Craventhrone Guard|5|
000002549|1|Black Coach|1|
000002553|1|Ushoran, Mortarch of Delusion||
000002553|2|Cryptguard unit with 10 models|1|
000002553|3|Morbheg Knights unit with 3 models|1|
000002556|1|Marrowscroll Herald|1|
000002556|2|Crypt Ghouls unit with 20 models|1|
000002556|3|Crypt Horrors unit with 3 models|1|
000002556|4|Crypt Flayers unit with 3 models|1|
000002567|1|Royal Terrorgheist|1|
000002576|1|Grand Justice Gormayne|1|
000002576|2|Royal Decapitator|1|
000002576|3|Cryptguard|10|
000002583|1|Gatebreaker Mega-Gargant|1|
000002585|1|Blades of the Hollow King|1|
000002590|1|Neferata, Mortarch of Blood||
000002590|2|Barrow Knights unit with 5 models|1|
000002590|3|Deathrattle Skeletons unit with 10 models|1|
000002590|4|Deathrattle Skeletons unit with 10 models|1|
000002594|1|Mancrusher Gargant|1|
000002596|1|Revenant Draconith|1|
000002603|1|Mannfred von Carstein, Mortarch of Night|1|
000002603|2|Barrow Guard unit with 10 models|1|
000002603|3|Fell Bats units with 3 models|2|
000002605|1|Corpse Cart|1|
000002605|2|Deadwalker Zombies unit with 20 models|1|
000002994|1|Mask of the Deceiver|1|
000003067|1|Katakros, Mortarch of the Necropolis||
000003067|2|Immortis Guard unit with 3 models|1|
000003067|3|Immortis Guard unit with 3 models|1|
000003070|1|Arkhan the Black, Mortarch of Sacrament||
000003070|2|Morghast Archai unit with 2 models|1|
000003070|3|Morghast Harbingers unit with 2 models|1|
000003092|1|Vokmortian, Master of the Bone-tithe||
000003092|2|Immortis Guard|3|
000003092|3|Mortek Guard|10|
000003096|1|Mortisan Ossifector|1|
000003096|2|Mortek Crawler|1|
000003131|1|Treelord|1|
000003131|2|Spite-Revenants|5|
000003131|3|Spite-Revenants|5|
000001859|1|Katakros, Mortarch of the Necropolis||
000001859|2|Immortis Guard unit with 3 models|1|
000001859|3|Immortis Guard unit with 3 models|1|
000001863|1|Arkhan the Black, Mortarch of Sacrament||
000001863|2|Morghast Archai unit with 2 models|1|
000001863|3|Morghast Harbingers unit with 2 models|1|
000002025|1|Mortisan Ossifector|1|
000002025|2|Mortek Guard|10|
000002025|3|Mortek Guard|10|
000002025|4|Gothizzar Harvester|1|
000003090|1|Vokmortian, Master of the Bone-tithe||
000003090|2|Immortis Guard|3|
000003090|3|Mortek Guard|10|
000003094|1|Mortisan Ossifector|1|
000003094|2|Mortek Crawler|1|
000003098|1|Gatebreaker Mega-Gargant|1|
000003099|1|Blades of the Hollow King|1|
000003100|1|Black Coach|1|
000003101|1|Scriptor Mortis|1|
000003101|2|Craventhrone Guard|5|
000003101|3|Craventhrone Guard|5|
000003102|1|Endrinmaster with Dirigible Suit|1|
000003102|2|Skywardens|3|
000003102|3|Grundstok Gunhauler|1|
000003103|1|Marrowscroll Herald|1|
000003103|2|Crypt Ghouls unit with 20 models|1|
000003103|3|Crypt Horrors unit with 3 models|1|
000003103|4|Crypt Flayers unit with 3 models|1|
000003104|1|Mask of the Deceiver|1|
000003105|1|Neferata, Mortarch of Blood||
000003105|2|Barrow Knights unit with 5 models|1|
000003105|3|Deathrattle Skeletons unit with 10 models|1|
000003105|4|Deathrattle Skeletons unit with 10 models|1|
000003106|1|Codewright|1|
000003106|2|Grundstok Thunderers unit with 5 models|1|
000003106|3|Grundstok Thunderers unit with 5 models|1|
000003107|1|Loonboss|1|
000003107|2|Dankhold Troggoth|1|
000003108|1|Mancrusher Gargant|1|
000003109|1|Revenant Draconith|1|
000003110|1|Royal Terrorgheist|1|
000003112|1|Grand Justice Gormayne|1|
000003112|2|Royal Decapitator|1|
000003112|3|Cryptguard|10|
000003113|1|Lady Olynder, Mortarch of Grief||
000003113|2|Dreadscythe Harridans unit with 10 models|1|
000003113|3|Myrmourn Banshees unit with 4 models|1|
000003113|4|Myrmourn Banshees unit with 4 models|1|
000003114|1|Mannfred von Carstein, Mortarch of Night|1|
000003114|2|Barrow Guard unit with 10 models|1|
000003114|3|Fell Bats units with 3 models|2|
000003115|1|Ushoran, Mortarch of Delusion||
000003115|2|Cryptguard unit with 10 models|1|
000003115|3|Morbheg Knights unit with 3 models|1|
000003116|1|Corpse Cart|1|
000003116|2|Deadwalker Zombies unit with 20 models|1|
000003132|1|Treelord|1|
000003132|2|Spite-Revenants|5|
000003132|3|Spite-Revenants|5|
000002023|1|Ogroid Myrmidon|1|
000002023|2|Ogroid Thaumaturge|1|
000002023|3|Ogroid Theridons|3|
000002034|1|Gatebreaker Mega-Gargant|1|
000002038|1|Beast-skewer Killbow|1|
000002038|2|Man-skewer Boltboyz unit with 3 models|1|
000002038|3|Man-skewer Boltboyz unit with 3 models|1|
000002038|4|The Beast-skewer Killbow in this Regiment of Renown has the <span class="kwb">HERO</span> keyword.||
000002046|1|Kraken-eater Mega-Gargant|1|
000002110|1|Beast-smasher Mega-Gargant|1|
000002113|1|Warstomper Mega-Gargant|1|
000002171|1|Mancrusher Gargant|1|
000002244|1|Tuskboss on Maw-grunta|1|
000002244|2|Maw-grunta Gougers|1|
000002263|1|Rabble-Rowza|1|
000002263|2|Gobbapalooza|1|
000002263|3|Squig Herd unit with 12 models|1|
000002263|4|Squig Hoppers unit with 10 models|1|
000002277|1|Loonboss|1|
000002277|2|Dankhold Troggoth|1|
000002294|1|Snarlboss|1|
000002294|2|Wolfgit Retinue unit with 2 models|1|
000002294|3|Snarlpack Cavalry unit with 3 models|1|
000002294|4|Snarlpack Cavalry unit with 3 models|1|
000002294|5|Sunsteala Wheelas unit with 2 models|1|
000002300|1|Loonboss|1|
000002300|2|Moonclan Stabbas unit with 20 models|1|
000002300|3|Loonsmasha Fanatics unit with 5 models|1|
000002418|1|Endrinmaster with Dirigible Suit|1|
000002418|2|Skywardens|3|
000002418|3|Grundstok Gunhauler|1|
000002437|1|Drekki Flynt|1|
000002437|2|Arkanaut Frigate (the <i>Aelsling</i>)|1|
000002437|3|Arkanaut Company unit with 10 models|1|
000002447|1|Codewright|1|
000002447|2|Grundstok Thunderers unit with 5 models|1|
000002447|3|Grundstok Thunderers unit with 5 models|1|
000002577|1|Grand Justice Gormayne|1|
000002577|2|Royal Decapitator|1|
000002577|3|Cryptguard|10|
000002932|1|Nurglings unit with 3 models||
000002932|2|Nurglings unit with 3 models||
000002995|1|Mask of the Deceiver|1|
000003079|1|Mortisan Ossifector|1|
000003079|2|Mortek Guard|10|
000003079|3|Mortek Guard|10|
000003079|4|Gothizzar Harvester|1|
000001674|1|Grimhold Exile|1|
000001674|2|Auric Hearthguard unit with 5 models|1|
000001674|3|Hearthguard Berzerkers with Flamestrike Poleaxes unit with 5 models|1|
000001674|4|Vulkite Berzerkers with Fyresteel Weapons unit with 10 models|1|
000001836|1|Neave Blacktalon|1|
000001836|2|Lorai, Child of the Abyss|1|
000001836|3|Neave’s Companions|1|
000001886|1|Lord-Aquilor.|1|
000001886|2|Vanguard-Hunters.|1|
000001886|3|Vanguard-Palladors with Starstrike Javelins unit with 3 models.|1|
000001895|1|Knight-Draconis|1|
000001895|2|Stormdrake Guard (1 model)|1|
000001943|1|Kraken-eater Mega-Gargant|1|
000002091|1|Runelord|1|
000002091|2|Irondrakes unit with 10 models|1|
000002091|3|Longbeards unit with 10 models|1|
000002125|1|Callis and Toll|1|
000002125|2|Toll’s Companions|1|
000002177|1|Mancrusher Gargant|1|
000002223|1|Gotrek Gurnisson|1|
000002283|1|Loonboss|1|
000002283|2|Dankhold Troggoth|1|
000002439|1|Drekki Flynt|1|
000002439|2|Arkanaut Frigate (the <i>Aelsling</i>)|1|
000002439|3|Arkanaut Company unit with 10 models|1|
000002451|1|Codewright|1|
000002451|2|Grundstok Thunderers unit with 5 models|1|
000002451|3|Grundstok Thunderers unit with 5 models|1|
000002480|1|Akhelian Allopex|2|
000002489|1|Akhelian Thrallmaster|1|
000002489|2|Namarti Reavers with 10 models|1|
000002489|3|Namarti Thralls with 10 models|1|
000002679|1|Edmark Valoran the Manticore Knight |0-1|
000002679|2|Bren Tylis the Renegade Saint|0-1|
000002679|3|Inara Sion the Cleansing Blade|0-1|
000002679|4|Drolf Ironhead the Grizzled Explorer|0-1|
000002679|5|Kelthannor the Forest Prince|0-1|
000002679|6|Jacobus Vyne the Jade Wizard|0-1|
000002679|7|Drasher Vorn the Rampaging Beast|0-1|
000002679|8|This Regiment of Renown is built during army composition. You must include at least 1 of the units opposite in this regiment and can include 1 of each of them. Add together the points values of each unit you include in this regiment to determine its points cost.||
000002679|9|<div class="BreakInsideAvoid" style="" "=""><table border="0" bordercolor="#888" cellpadding="4" cellspacing="0" style="border-collapse:collapse;border-width:0px"><tbody><tr><td><table class=" customTable" border="1" bordercolor="#888" cellpadding="4" style="border-collapse:collapse;border-color:#908249;border-width:0px"><tbody><tr><td style="border-width:0 1px 0 0;border-style:none solid none none;background-color:rgb(141,39,39);color:rgb(254,254,254);border-color:rgb(255,255,255);text-align:center;vertical-align:bottom;width:266px;height:0px;"><b>Unit</b></td><td style="border-width:0 0 0 0;border-style:none none none none;background-color:rgb(141,39,39);color:rgb(254,254,254);vertical-align:bottom;width:1&nbsp;028px;height:0px;"><b>Points</b></td></tr><tr><td style="border-width:0 1px 1px 0;border-style:none solid solid none;border-color:rgb(141,39,39);text-align:center;vertical-align:middle;width:266px;height:0px;"><b>Edmark Valoran, the Manticore Knight</b></td><td style="border-width:0 0 1px 0;border-style:none none solid none;border-color:rgb(141,39,39);text-align:left;vertical-align:middle;width:1&nbsp;028px;height:0px;">+110</td></tr><tr><td style="border-width:0 1px 1px 0;border-style:none solid solid none;border-color:rgb(141,39,39);text-align:center;vertical-align:middle;width:266px;height:0px;"><b>Bren Tylis, the Renegade Saint</b></td><td style="border-width:0 0 1px 0;border-style:none none solid none;border-color:rgb(141,39,39);text-align:left;vertical-align:middle;width:1&nbsp;028px;height:0px;">+120</td></tr><tr><td style="border-width:0 1px 1px 0;border-style:none solid solid none;border-color:rgb(141,39,39);text-align:center;vertical-align:middle;width:266px;height:0px;"><b>Inara Sion, the Cleansing Blade</b></td><td style="border-width:0 0 1px 0;border-style:none none solid none;border-color:rgb(141,39,39);text-align:left;vertical-align:middle;width:1&nbsp;028px;height:0px;">+120</td></tr><tr><td style="border-width:0 1px 1px 0;border-style:none solid solid none;border-color:rgb(141,39,39);text-align:center;vertical-align:middle;width:266px;height:0px;"><b>Drolf Ironhead, the Grizzled Explorer</b></td><td style="border-width:0 0 1px 0;border-style:none none solid none;border-color:rgb(141,39,39);text-align:left;vertical-align:middle;width:1&nbsp;028px;height:0px;">+100</td></tr><tr><td style="border-width:0 1px 1px 0;border-style:none solid solid none;border-color:rgb(141,39,39);text-align:center;vertical-align:middle;width:266px;height:0px;"><b>Kelthannor, the Forest Prince</b></td><td style="border-width:0 0 1px 0;border-style:none none solid none;border-color:rgb(141,39,39);text-align:left;vertical-align:middle;width:1&nbsp;028px;height:0px;">+150</td></tr><tr><td style="border-width:0 1px 1px 0;border-style:none solid solid none;border-color:rgb(141,39,39);text-align:center;vertical-align:middle;width:266px;height:0px;"><b>Jacobus Vyne, the Jade Wizard</b></td><td style="border-width:0 0 1px 0;border-style:none none solid none;border-color:rgb(141,39,39);text-align:left;vertical-align:middle;width:1&nbsp;028px;height:0px;">+130</td></tr><tr><td style="border-width:0 1px 1px 0;border-style:none solid solid none;border-color:rgb(141,39,39);text-align:center;vertical-align:middle;width:266px;height:0px;"><b>Drasher Vorn, the Rampaging Beast</b></td><td style="border-width:0 0 1px 0;border-style:none none solid none;border-color:rgb(141,39,39);text-align:left;vertical-align:middle;width:1&nbsp;028px;height:0px;">+150</td></tr></tbody></table></td></tr></tbody></table></div>||
000003001|1|Mask of the Deceiver|1|
000003037|1|Scinari Calligrave|1|
000003037|2|Sanctum of Amyntok|1|
000003037|3|Hyshian Twinstones|1|
000003037|4|Rune of Petrification|1|
000003037|5|<b>Designer’s Note:</b> <i>Including this Regiment of Renown in your army does not stop you from being able to pick a manifestation lore for your army</i>||
000003045|1|Vanari Lord Regent on Lightcourser|1|
000003045|2|Vanari Dawnriders|5|
000003128|1|Arch-Revenant|1|
000003128|2|Gossamid Archers unit with 5 models|1|
000003145|1|Branchwych|1|
000003145|2|The Twistweald unit with 8 models|1|
000003152|1|Drycha Hamadreth||
000003152|2|Spite-Revenants with 5 models|2|
000003163|1|Khinerai Heartrenders unit with 5 models|1|
000003163|2|Khinerai Lifetakers unit with 5 models|1|
000003172|1|High Gladiatrix|1|
000003172|2|Sisters of Slaughter unit with 10 models|1|
000001925|1|Neferata, Mortarch of Blood||
000001925|2|Barrow Knights unit with 5 models|1|
000001925|3|Deathrattle Skeletons unit with 10 models|1|
000001925|4|Deathrattle Skeletons unit with 10 models|1|
000001929|1|Corpse Cart|1|
000001929|2|Deadwalker Zombies unit with 20 models|1|
000001930|1|Mannfred von Carstein, Mortarch of Night|1|
000001930|2|Barrow Guard unit with 10 models|1|
000001930|3|Fell Bats units with 3 models|2|
000002350|1|Revenant Draconith|1|
000002357|1|Blades of the Hollow King|1|
000002423|1|Endrinmaster with Dirigible Suit|1|
000002423|2|Skywardens|3|
000002423|3|Grundstok Gunhauler|1|
000002450|1|Codewright|1|
000002450|2|Grundstok Thunderers unit with 5 models|1|
000002450|3|Grundstok Thunderers unit with 5 models|1|
000002495|1|Gatebreaker Mega-Gargant|1|
000002521|1|Loonboss|1|
000002521|2|Dankhold Troggoth|1|
000002526|1|Mancrusher Gargant|1|
000002543|1|Lady Olynder, Mortarch of Grief||
000002543|2|Dreadscythe Harridans unit with 10 models|1|
000002543|3|Myrmourn Banshees unit with 4 models|1|
000002543|4|Myrmourn Banshees unit with 4 models|1|
000002548|1|Scriptor Mortis|1|
000002548|2|Craventhrone Guard|5|
000002548|3|Craventhrone Guard|5|
000002552|1|Black Coach|1|
000002555|1|Ushoran, Mortarch of Delusion||
000002555|2|Cryptguard unit with 10 models|1|
000002555|3|Morbheg Knights unit with 3 models|1|
000002558|1|Marrowscroll Herald|1|
000002558|2|Crypt Ghouls unit with 20 models|1|
000002558|3|Crypt Horrors unit with 3 models|1|
000002558|4|Crypt Flayers unit with 3 models|1|
000002569|1|Royal Terrorgheist|1|
000002581|1|Grand Justice Gormayne|1|
000002581|2|Royal Decapitator|1|
000002581|3|Cryptguard|10|
000003000|1|Mask of the Deceiver|1|
000003068|1|Katakros, Mortarch of the Necropolis||
000003068|2|Immortis Guard unit with 3 models|1|
000003068|3|Immortis Guard unit with 3 models|1|
000003071|1|Arkhan the Black, Mortarch of Sacrament||
000003071|2|Morghast Archai unit with 2 models|1|
000003071|3|Morghast Harbingers unit with 2 models|1|
000003082|1|Mortisan Ossifector|1|
000003082|2|Mortek Guard|10|
000003082|3|Mortek Guard|10|
000003082|4|Gothizzar Harvester|1|
000003093|1|Vokmortian, Master of the Bone-tithe||
000003093|2|Immortis Guard|3|
000003093|3|Mortek Guard|10|
000003097|1|Mortisan Ossifector|1|
000003097|2|Mortek Crawler|1|
000003133|1|Treelord|1|
000003133|2|Spite-Revenants|5|
000003133|3|Spite-Revenants|5|
000002047|1|Kraken-eater Mega-Gargant|1|
000002078|1|Grimhold Exile|1|
000002078|2|Auric Hearthguard unit with 5 models|1|
000002078|3|Hearthguard Berzerkers with Flamestrike Poleaxes unit with 5 models|1|
000002078|4|Vulkite Berzerkers with Fyresteel Weapons unit with 10 models|1|
000002090|1|Runelord|1|
000002090|2|Irondrakes unit with 10 models|1|
000002090|3|Longbeards unit with 10 models|1|
000002124|1|Callis and Toll|1|
000002124|2|Toll’s Companions|1|
000002173|1|Mancrusher Gargant|1|
000002182|1|Neave Blacktalon|1|
000002182|2|Lorai, Child of the Abyss|1|
000002182|3|Neave’s Companions|1|
000002186|1|Lord-Aquilor.|1|
000002186|2|Vanguard-Hunters.|1|
000002186|3|Vanguard-Palladors with Starstrike Javelins unit with 3 models.|1|
000002205|1|Knight-Draconis|1|
000002205|2|Stormdrake Guard (1 model)|1|
000002222|1|Gotrek Gurnisson|1|
000002279|1|Loonboss|1|
000002279|2|Dankhold Troggoth|1|
000002420|1|Endrinmaster with Dirigible Suit|1|
000002420|2|Skywardens|3|
000002420|3|Grundstok Gunhauler|1|
000002438|1|Drekki Flynt|1|
000002438|2|Arkanaut Frigate (the <i>Aelsling</i>)|1|
000002438|3|Arkanaut Company unit with 10 models|1|
000002449|1|Codewright|1|
000002449|2|Grundstok Thunderers unit with 5 models|1|
000002449|3|Grundstok Thunderers unit with 5 models|1|
000002479|1|Akhelian Allopex|2|
000002488|1|Akhelian Thrallmaster|1|
000002488|2|Namarti Reavers with 10 models|1|
000002488|3|Namarti Thralls with 10 models|1|
000002678|1|Edmark Valoran the Manticore Knight |0-1|
000002678|2|Bren Tylis the Renegade Saint|0-1|
000002678|3|Inara Sion the Cleansing Blade|0-1|
000002678|4|Drolf Ironhead the Grizzled Explorer|0-1|
000002678|5|Kelthannor the Forest Prince|0-1|
000002678|6|Jacobus Vyne the Jade Wizard|0-1|
000002678|7|Drasher Vorn the Rampaging Beast|0-1|
000002678|8|This Regiment of Renown is built during army composition. You must include at least 1 of the units opposite in this regiment and can include 1 of each of them. Add together the points values of each unit you include in this regiment to determine its points cost.||
000002678|9|<div class="BreakInsideAvoid" style="" "=""><table border="0" bordercolor="#888" cellpadding="4" cellspacing="0" style="border-collapse:collapse;border-width:0px"><tbody><tr><td><table class=" customTable" border="1" bordercolor="#888" cellpadding="4" style="border-collapse:collapse;border-color:#908249;border-width:0px"><tbody><tr><td style="border-width:0 1px 0 0;border-style:none solid none none;background-color:rgb(141,39,39);color:rgb(254,254,254);border-color:rgb(255,255,255);text-align:center;vertical-align:bottom;width:266px;height:0px;"><b>Unit</b></td><td style="border-width:0 0 0 0;border-style:none none none none;background-color:rgb(141,39,39);color:rgb(254,254,254);vertical-align:bottom;width:1&nbsp;028px;height:0px;"><b>Points</b></td></tr><tr><td style="border-width:0 1px 1px 0;border-style:none solid solid none;border-color:rgb(141,39,39);text-align:center;vertical-align:middle;width:266px;height:0px;"><b>Edmark Valoran, the Manticore Knight</b></td><td style="border-width:0 0 1px 0;border-style:none none solid none;border-color:rgb(141,39,39);text-align:left;vertical-align:middle;width:1&nbsp;028px;height:0px;">+110</td></tr><tr><td style="border-width:0 1px 1px 0;border-style:none solid solid none;border-color:rgb(141,39,39);text-align:center;vertical-align:middle;width:266px;height:0px;"><b>Bren Tylis, the Renegade Saint</b></td><td style="border-width:0 0 1px 0;border-style:none none solid none;border-color:rgb(141,39,39);text-align:left;vertical-align:middle;width:1&nbsp;028px;height:0px;">+120</td></tr><tr><td style="border-width:0 1px 1px 0;border-style:none solid solid none;border-color:rgb(141,39,39);text-align:center;vertical-align:middle;width:266px;height:0px;"><b>Inara Sion, the Cleansing Blade</b></td><td style="border-width:0 0 1px 0;border-style:none none solid none;border-color:rgb(141,39,39);text-align:left;vertical-align:middle;width:1&nbsp;028px;height:0px;">+120</td></tr><tr><td style="border-width:0 1px 1px 0;border-style:none solid solid none;border-color:rgb(141,39,39);text-align:center;vertical-align:middle;width:266px;height:0px;"><b>Drolf Ironhead, the Grizzled Explorer</b></td><td style="border-width:0 0 1px 0;border-style:none none solid none;border-color:rgb(141,39,39);text-align:left;vertical-align:middle;width:1&nbsp;028px;height:0px;">+100</td></tr><tr><td style="border-width:0 1px 1px 0;border-style:none solid solid none;border-color:rgb(141,39,39);text-align:center;vertical-align:middle;width:266px;height:0px;"><b>Kelthannor, the Forest Prince</b></td><td style="border-width:0 0 1px 0;border-style:none none solid none;border-color:rgb(141,39,39);text-align:left;vertical-align:middle;width:1&nbsp;028px;height:0px;">+150</td></tr><tr><td style="border-width:0 1px 1px 0;border-style:none solid solid none;border-color:rgb(141,39,39);text-align:center;vertical-align:middle;width:266px;height:0px;"><b>Jacobus Vyne, the Jade Wizard</b></td><td style="border-width:0 0 1px 0;border-style:none none solid none;border-color:rgb(141,39,39);text-align:left;vertical-align:middle;width:1&nbsp;028px;height:0px;">+130</td></tr><tr><td style="border-width:0 1px 1px 0;border-style:none solid solid none;border-color:rgb(141,39,39);text-align:center;vertical-align:middle;width:266px;height:0px;"><b>Drasher Vorn, the Rampaging Beast</b></td><td style="border-width:0 0 1px 0;border-style:none none solid none;border-color:rgb(141,39,39);text-align:left;vertical-align:middle;width:1&nbsp;028px;height:0px;">+150</td></tr></tbody></table></td></tr></tbody></table></div>||
000002997|1|Mask of the Deceiver|1|
000003036|1|Scinari Calligrave|1|
000003036|2|Sanctum of Amyntok|1|
000003036|3|Hyshian Twinstones|1|
000003036|4|Rune of Petrification|1|
000003036|5|<b>Designer’s Note:</b> <i>Including this Regiment of Renown in your army does not stop you from being able to pick a manifestation lore for your army</i>||
000003044|1|Vanari Lord Regent on Lightcourser|1|
000003044|2|Vanari Dawnriders|5|
000003127|1|Arch-Revenant|1|
000003127|2|Gossamid Archers unit with 5 models|1|
000003144|1|Branchwych|1|
000003144|2|The Twistweald unit with 8 models|1|
000003151|1|Drycha Hamadreth||
000003151|2|Spite-Revenants with 5 models|2|
000003162|1|Khinerai Heartrenders unit with 5 models|1|
000003162|2|Khinerai Lifetakers unit with 5 models|1|
000003171|1|High Gladiatrix|1|
000003171|2|Sisters of Slaughter unit with 10 models|1|
000001935|1|Kraken-eater Mega-Gargant|1|
000001950|1|Beast-smasher Mega-Gargant|1|
000001956|1|Gatebreaker Mega-Gargant|1|
000001966|1|Warstomper Mega-Gargant|1|
000002024|1|Ogroid Myrmidon|1|
000002024|2|Ogroid Thaumaturge|1|
000002024|3|Ogroid Theridons|3|
000002030|1|Mancrusher Gargant|1|
000002039|1|Beast-skewer Killbow|1|
000002039|2|Man-skewer Boltboyz unit with 3 models|1|
000002039|3|Man-skewer Boltboyz unit with 3 models|1|
000002039|4|The Beast-skewer Killbow in this Regiment of Renown has the <span class="kwb">HERO</span> keyword.||
000002245|1|Tuskboss on Maw-grunta|1|
000002245|2|Maw-grunta Gougers|1|
000002251|1|Swampboss Skumdrekk|1|
000002251|2|Hobgrot Slittaz units with 10 models|2|
000002264|1|Rabble-Rowza|1|
000002264|2|Gobbapalooza|1|
000002264|3|Squig Herd unit with 12 models|1|
000002264|4|Squig Hoppers unit with 10 models|1|
000002295|1|Snarlboss|1|
000002295|2|Wolfgit Retinue unit with 2 models|1|
000002295|3|Snarlpack Cavalry unit with 3 models|1|
000002295|4|Snarlpack Cavalry unit with 3 models|1|
000002295|5|Sunsteala Wheelas unit with 2 models|1|
000002301|1|Loonboss|1|
000002301|2|Moonclan Stabbas unit with 20 models|1|
000002301|3|Loonsmasha Fanatics unit with 5 models|1|
000002422|1|Endrinmaster with Dirigible Suit|1|
000002422|2|Skywardens|3|
000002422|3|Grundstok Gunhauler|1|
000002580|1|Grand Justice Gormayne|1|
000002580|2|Royal Decapitator|1|
000002580|3|Cryptguard|10|
000002935|1|Nurglings unit with 3 models||
000002935|2|Nurglings unit with 3 models||
000003081|1|Mortisan Ossifector|1|
000003081|2|Mortek Guard|10|
000003081|3|Mortek Guard|10|
000003081|4|Gothizzar Harvester|1|
000001590|1|Fomoroid Crusher|1|
000001590|2|Ogroid Myrmidon|1|
000001590|3|Mindstealer Sphiranx|1|
000001760|1|Singri Brand|1|
000001760|2|Gunnar Brand|1|
000001760|3|The Oathsworn Kin|1|
000001776|1|Warlock Galvaneer|1|
000001776|2|Warpvolt Scourgers unit with 3 models|1|
000001776|3|Ratling Warpblaster|1|
000001776|4|Each unit in this Regiment of Renown has the <span class="kwb">VOLT-KLAW’S</span> <span class="kwb">ENGINECOVEN</span> keyword.||
000001785|1|Krittok Foulblade|1|
000001785|2|Stormvermin unit with 10 models|1|
000001785|3|Doom-Flayers unit with 2 models|1|
000001785|4|Each unit in this Regiment of Renown has the <span class="kwb">KRITTOK’S</span> <span class="kwb">CLAWPACK</span> keyword.||
000001972|1|Warstomper Mega-Gargant|1|
000002012|1|Chaos Lord on Daemonic Mount|1|
000002012|2|Chaos Knights unit with 5 models.|1|
000002012|3|Chaos Warriors unit with 10 models.|1|
000002174|1|Mancrusher Gargant|1|
000002280|1|Loonboss|1|
000002280|2|Dankhold Troggoth|1|
000002459|1|<b>Skarbrand</b>|1|
000002466|1|Slaughterpriest|1|
000002466|2|Bloodreavers|10|
000002466|3|Skullreapers|5|
000002634|1|Ashen Elder|1|
000002634|2|Dominator Engine with Bane Maces|1|
000002642|1|Daemonsmith|1|
000002642|2|Tormentor Bombard|1|
000002642|3|Deathshrieker Rocket Battery|1|
000002917|1|Harbinger of Decay|1|
000002917|2|Putrid Blightkings unit with 5 models|1|
000002917|3|Pusgoyle Blightlords unit with 2 models|1|
000002933|1|Nurglings unit with 3 models||
000002933|2|Nurglings unit with 3 models||
000002942|1|Spoilpox Scrivener, Herald of Nurgle|1|
000002942|2|Plaguebearers with 10 models|1|
000002942|3|Feculent Gnarlmaw|1|
000002949|1|Sloppity Bilepiper, Herald of Nurgle|1|
000002949|2|Beast of Nurgle|2|
000002974|1|Magister|1|
000002974|2|Pink Horrors with 10 models|1|
000002974|3|Burning Sigil of Tzeentch|1|
000002974|4|Tome of Eyes|1|
000002974|5|Daemonic Simulacrum|1|
000002998|1|Mask of the Deceiver|1|
000003008|1|Gaunt Summoner on Disc of Tzeentch|1|
000003008|2|Magister on Disc of Tzeentch|1|
000003008|3|Screamers of Tzeentch|3|
000003080|1|Mortisan Ossifector|1|
000003080|2|Mortek Guard|10|
000003080|3|Mortek Guard|10|
000003080|4|Gothizzar Harvester|1|
000001822|1|Singri Brand|1|
000001822|2|Gunnar Brand|1|
000001822|3|The Oathsworn Kin|1|
000001823|1|Fomoroid Crusher|1|
000001823|2|Ogroid Myrmidon|1|
000001823|3|Mindstealer Sphiranx|1|
000002007|1|Chaos Lord on Daemonic Mount|1|
000002007|2|Chaos Knights unit with 5 models.|1|
000002007|3|Chaos Warriors unit with 10 models.|1|
000002013|1|Daemon Prince|1|
000002018|1|Ogroid Myrmidon|1|
000002018|2|Ogroid Thaumaturge|1|
000002018|3|Ogroid Theridons|3|
000002084|1|Krittok Foulblade|1|
000002084|2|Stormvermin unit with 10 models|1|
000002084|3|Doom-Flayers unit with 2 models|1|
000002084|4|Each unit in this Regiment of Renown has the <span class="kwb">KRITTOK’S</span> <span class="kwb">CLAWPACK</span> keyword.||
000002114|1|Warstomper Mega-Gargant|1|
000002175|1|Mancrusher Gargant|1|
000002211|1|Warlock Galvaneer|1|
000002211|2|Warpvolt Scourgers unit with 3 models|1|
000002211|3|Ratling Warpblaster|1|
000002211|4|Each unit in this Regiment of Renown has the <span class="kwb">VOLT-KLAW’S</span> <span class="kwb">ENGINECOVEN</span> keyword.||
000002281|1|Loonboss|1|
000002281|2|Dankhold Troggoth|1|
000002421|1|Endrinmaster with Dirigible Suit|1|
000002421|2|Skywardens|3|
000002421|3|Grundstok Gunhauler|1|
000002460|1|<b>Skarbrand</b>|1|
000002467|1|Slaughterpriest|1|
000002467|2|Bloodreavers|10|
000002467|3|Skullreapers|5|
000002563|1|Varghulf Courtier|1|
000002563|2|Morbheg Knights|3|
000002579|1|Grand Justice Gormayne|1|
000002579|2|Royal Decapitator|1|
000002579|3|Cryptguard|10|
000002635|1|Ashen Elder|1|
000002635|2|Dominator Engine with Bane Maces|1|
000002643|1|Daemonsmith|1|
000002643|2|Tormentor Bombard|1|
000002643|3|Deathshrieker Rocket Battery|1|
000002918|1|Harbinger of Decay|1|
000002918|2|Putrid Blightkings unit with 5 models|1|
000002918|3|Pusgoyle Blightlords unit with 2 models|1|
000002934|1|Nurglings unit with 3 models||
000002934|2|Nurglings unit with 3 models||
000002943|1|Spoilpox Scrivener, Herald of Nurgle|1|
000002943|2|Plaguebearers with 10 models|1|
000002943|3|Feculent Gnarlmaw|1|
000002950|1|Sloppity Bilepiper, Herald of Nurgle|1|
000002950|2|Beast of Nurgle|2|
000002975|1|Magister|1|
000002975|2|Pink Horrors with 10 models|1|
000002975|3|Burning Sigil of Tzeentch|1|
000002975|4|Tome of Eyes|1|
000002975|5|Daemonic Simulacrum|1|
000002999|1|Mask of the Deceiver|1|
000003009|1|Gaunt Summoner on Disc of Tzeentch|1|
000003009|2|Magister on Disc of Tzeentch|1|
000003009|3|Screamers of Tzeentch|3|
000001606|1|Arch-Revenant|1|
000001606|2|Gossamid Archers unit with 5 models|1|
000002028|1|Treelord|1|
000002028|2|Spite-Revenants|5|
000002028|3|Spite-Revenants|5|
000003139|1|Branchwych|1|
000003139|2|The Twistweald unit with 8 models|1|
000003146|1|Drycha Hamadreth||
000003146|2|Spite-Revenants with 5 models|2|
000003164|1|Khinerai Heartrenders unit with 5 models|1|
000003164|2|Khinerai Lifetakers unit with 5 models|1|
000003173|1|High Gladiatrix|1|
000003173|2|Sisters of Slaughter unit with 10 models|1|
000003180|1|Akhelian Allopex|2|
000003182|1|Kraken-eater Mega-Gargant|1|
000003184|1|Vanari Lord Regent on Lightcourser|1|
000003184|2|Vanari Dawnriders|5|
000003186|1|Drekki Flynt|1|
000003186|2|Arkanaut Frigate (the <i>Aelsling</i>)|1|
000003186|3|Arkanaut Company unit with 10 models|1|
000003192|1|Grimhold Exile|1|
000003192|2|Auric Hearthguard unit with 5 models|1|
000003192|3|Hearthguard Berzerkers with Flamestrike Poleaxes unit with 5 models|1|
000003192|4|Vulkite Berzerkers with Fyresteel Weapons unit with 10 models|1|
000003194|1|Gotrek Gurnisson|1|
000003196|1|Edmark Valoran the Manticore Knight |0-1|
000003196|2|Bren Tylis the Renegade Saint|0-1|
000003196|3|Inara Sion the Cleansing Blade|0-1|
000003196|4|Drolf Ironhead the Grizzled Explorer|0-1|
000003196|5|Kelthannor the Forest Prince|0-1|
000003196|6|Jacobus Vyne the Jade Wizard|0-1|
000003196|7|Drasher Vorn the Rampaging Beast|0-1|
000003196|8|This Regiment of Renown is built during army composition. You must include at least 1 of the units opposite in this regiment and can include 1 of each of them. Add together the points values of each unit you include in this regiment to determine its points cost.||
000003196|9|<div class="BreakInsideAvoid" style="" "=""><table border="0" bordercolor="#888" cellpadding="4" cellspacing="0" style="border-collapse:collapse;border-width:0px"><tbody><tr><td><table class=" customTable" border="1" bordercolor="#888" cellpadding="4" style="border-collapse:collapse;border-color:#908249;border-width:0px"><tbody><tr><td style="border-width:0 1px 0 0;border-style:none solid none none;background-color:rgb(141,39,39);color:rgb(254,254,254);border-color:rgb(255,255,255);text-align:center;vertical-align:bottom;width:266px;height:0px;"><b>Unit</b></td><td style="border-width:0 0 0 0;border-style:none none none none;background-color:rgb(141,39,39);color:rgb(254,254,254);vertical-align:bottom;width:1&nbsp;028px;height:0px;"><b>Points</b></td></tr><tr><td style="border-width:0 1px 1px 0;border-style:none solid solid none;border-color:rgb(141,39,39);text-align:center;vertical-align:middle;width:266px;height:0px;"><b>Edmark Valoran, the Manticore Knight</b></td><td style="border-width:0 0 1px 0;border-style:none none solid none;border-color:rgb(141,39,39);text-align:left;vertical-align:middle;width:1&nbsp;028px;height:0px;">+110</td></tr><tr><td style="border-width:0 1px 1px 0;border-style:none solid solid none;border-color:rgb(141,39,39);text-align:center;vertical-align:middle;width:266px;height:0px;"><b>Bren Tylis, the Renegade Saint</b></td><td style="border-width:0 0 1px 0;border-style:none none solid none;border-color:rgb(141,39,39);text-align:left;vertical-align:middle;width:1&nbsp;028px;height:0px;">+120</td></tr><tr><td style="border-width:0 1px 1px 0;border-style:none solid solid none;border-color:rgb(141,39,39);text-align:center;vertical-align:middle;width:266px;height:0px;"><b>Inara Sion, the Cleansing Blade</b></td><td style="border-width:0 0 1px 0;border-style:none none solid none;border-color:rgb(141,39,39);text-align:left;vertical-align:middle;width:1&nbsp;028px;height:0px;">+120</td></tr><tr><td style="border-width:0 1px 1px 0;border-style:none solid solid none;border-color:rgb(141,39,39);text-align:center;vertical-align:middle;width:266px;height:0px;"><b>Drolf Ironhead, the Grizzled Explorer</b></td><td style="border-width:0 0 1px 0;border-style:none none solid none;border-color:rgb(141,39,39);text-align:left;vertical-align:middle;width:1&nbsp;028px;height:0px;">+100</td></tr><tr><td style="border-width:0 1px 1px 0;border-style:none solid solid none;border-color:rgb(141,39,39);text-align:center;vertical-align:middle;width:266px;height:0px;"><b>Kelthannor, the Forest Prince</b></td><td style="border-width:0 0 1px 0;border-style:none none solid none;border-color:rgb(141,39,39);text-align:left;vertical-align:middle;width:1&nbsp;028px;height:0px;">+150</td></tr><tr><td style="border-width:0 1px 1px 0;border-style:none solid solid none;border-color:rgb(141,39,39);text-align:center;vertical-align:middle;width:266px;height:0px;"><b>Jacobus Vyne, the Jade Wizard</b></td><td style="border-width:0 0 1px 0;border-style:none none solid none;border-color:rgb(141,39,39);text-align:left;vertical-align:middle;width:1&nbsp;028px;height:0px;">+130</td></tr><tr><td style="border-width:0 1px 1px 0;border-style:none solid solid none;border-color:rgb(141,39,39);text-align:center;vertical-align:middle;width:266px;height:0px;"><b>Drasher Vorn, the Rampaging Beast</b></td><td style="border-width:0 0 1px 0;border-style:none none solid none;border-color:rgb(141,39,39);text-align:left;vertical-align:middle;width:1&nbsp;028px;height:0px;">+150</td></tr></tbody></table></td></tr></tbody></table></div>||
000003198|1|Mask of the Deceiver|1|
000003200|1|Akhelian Thrallmaster|1|
000003200|2|Namarti Reavers with 10 models|1|
000003200|3|Namarti Thralls with 10 models|1|
000003202|1|Runelord|1|
000003202|2|Irondrakes unit with 10 models|1|
000003202|3|Longbeards unit with 10 models|1|
000003204|1|Nurglings unit with 3 models||
000003204|2|Nurglings unit with 3 models||
000003206|1|Callis and Toll|1|
000003206|2|Toll’s Companions|1|
000003208|1|Scinari Calligrave|1|
000003208|2|Sanctum of Amyntok|1|
000003208|3|Hyshian Twinstones|1|
000003208|4|Rune of Petrification|1|
000003208|5|<b>Designer’s Note:</b> <i>Including this Regiment of Renown in your army does not stop you from being able to pick a manifestation lore for your army</i>||
000003210|1|Codewright|1|
000003210|2|Grundstok Thunderers unit with 5 models|1|
000003210|3|Grundstok Thunderers unit with 5 models|1|
000003213|1|Mancrusher Gargant|1|
000003215|1|Neave Blacktalon|1|
000003215|2|Lorai, Child of the Abyss|1|
000003215|3|Neave’s Companions|1|
000003217|1|Lord-Aquilor.|1|
000003217|2|Vanguard-Hunters.|1|
000003217|3|Vanguard-Palladors with Starstrike Javelins unit with 3 models.|1|
000003220|1|Knight-Draconis|1|
000003220|2|Stormdrake Guard (1 model)|1|
